Project,Task,Details,Start-Date,Start-Time,End-Date,End-Time,Duration,Decimal Duration,Project-Extra-1,Project-Extra-2,Task-Extra-1,Task-Extra-2
meta,campustime,,2015-01-12,07:35,2015-01-12,17:35,10:00,10.0,,,,
general,email,,2015-01-12,07:43,2015-01-12,07:54,0:11,0.18333333333333332,,,,
ResMutLA,reading,,2015-01-12,08:24,2015-01-12,09:19,0:55,0.9166666666666666,,,,
general,misc,,2015-01-12,09:37,2015-01-12,09:59,0:22,0.36666666666666664,,,,
ResMutLA,meeting,,2015-01-12,10:08,2015-01-12,11:12,1:04,1.0666666666666667,,,,
service,winterItasca,,2015-01-12,11:12,2015-01-12,12:13,1:01,1.0166666666666666,,,,
personal,eating,,2015-01-12,12:24,2015-01-12,12:31,0:07,0.11666666666666667,,,,
RhizPop,lab work,,2015-01-12,13:30,2015-01-12,15:56,2:26,2.433333333333333,thesis,,,
general,misc,,2015-01-12,16:41,2015-01-12,17:06,0:25,0.4166666666666667,,,,
general,misc,,2015-01-12,17:07,2015-01-12,17:31,0:24,0.4,,,,
meta,campustime,,2015-01-13,08:00,2015-01-13,16:06,8:06,8.1,,,,
general,email,,2015-01-13,08:04,2015-01-13,08:24,0:20,0.3333333333333333,,,,
RhizPop,lab work,,2015-01-13,08:28,2015-01-13,09:06,0:38,0.6333333333333333,thesis,,,
RhizPop,misc,,2015-01-13,09:18,2015-01-13,09:53,0:35,0.5833333333333334,thesis,,,
RhizPop,lab work,,2015-01-13,09:55,2015-01-13,10:43,0:48,0.8,thesis,,,
RhizPop,misc,,2015-01-13,10:45,2015-01-13,10:56,0:11,0.18333333333333332,thesis,,,
RhizPop,lab work,,2015-01-13,10:56,2015-01-13,11:50,0:54,0.9,thesis,,,
personal,eating,,2015-01-13,12:25,2015-01-13,12:36,0:11,0.18333333333333332,,,,
RhizPop,lab work,,2015-01-13,12:47,2015-01-13,14:02,1:15,1.25,thesis,,,
RhizPop,lab work,,2015-01-13,14:03,2015-01-13,14:47,0:44,0.7333333333333333,thesis,,,
RhizPop,lab work,,2015-01-13,15:40,2015-01-13,16:02,0:22,0.36666666666666664,thesis,,,
personal,lifting,,2015-01-13,16:15,2015-01-13,17:43,1:28,1.4666666666666666,,,,
meta,campustime,,2015-01-14,07:42,2015-01-14,18:07,10:25,10.416666666666666,,,,
general,email,,2015-01-14,07:46,2015-01-14,07:50,0:04,0.06666666666666667,,,,
RhizPop,lab work,,2015-01-14,08:12,2015-01-14,09:58,1:46,1.7666666666666666,thesis,,,
RhizPop,lab work,,2015-01-14,10:29,2015-01-14,11:28,0:59,0.9833333333333333,thesis,,,
RhizPop,lab work,,2015-01-14,11:32,2015-01-14,12:14,0:42,0.7,thesis,,,
personal,eating,,2015-01-14,12:26,2015-01-14,12:34,0:08,0.13333333333333333,,,,
service,winterItasca,,2015-01-14,13:17,2015-01-14,13:41,0:24,0.4,,,,
service,winterItasca,,2015-01-14,13:43,2015-01-14,13:56,0:13,0.21666666666666667,,,,
RhizPop,misc,,2015-01-14,14:13,2015-01-14,14:32,0:19,0.31666666666666665,thesis,,,
TA,misc,,2015-01-14,14:32,2015-01-14,14:52,0:20,0.3333333333333333,,,,
RhizPop,misc,,2015-01-14,14:52,2015-01-14,14:56,0:04,0.06666666666666667,thesis,,,
RhizPop,lab work,,2015-01-14,14:58,2015-01-14,16:08,1:10,1.1666666666666667,thesis,,,
general,email,,2015-01-14,16:12,2015-01-14,16:26,0:14,0.23333333333333334,,,,
RhizPop,misc,,2015-01-14,16:33,2015-01-14,17:01,0:28,0.4666666666666667,thesis,,,
RhizPop,misc,,2015-01-14,17:03,2015-01-14,17:39,0:36,0.6,thesis,,,
service,winterItasca,,2015-01-14,17:46,2015-01-14,17:49,0:03,0.05,,,,
TA,misc,,2015-01-14,17:49,2015-01-14,18:01,0:12,0.2,,,,
meta,campustime,,2015-01-15,08:09,2015-01-15,15:36,7:27,7.45,,,,
general,email,,2015-01-15,08:15,2015-01-15,08:23,0:08,0.13333333333333333,,,,
general,planning,,2015-01-15,08:23,2015-01-15,08:40,0:17,0.2833333333333333,,,,
RhizPop,misc,,2015-01-15,08:40,2015-01-15,08:42,0:02,0.03333333333333333,thesis,,,
general,writing,,2015-01-15,08:55,2015-01-15,09:17,0:22,0.36666666666666664,,,,
service,winterItasca,,2015-01-15,09:20,2015-01-15,09:29,0:09,0.15,,,,
RhizPop,lab work,,2015-01-15,09:35,2015-01-15,11:14,1:39,1.65,thesis,,,
RhizPop,lab work,,2015-01-15,11:19,2015-01-15,11:55,0:36,0.6,thesis,,,
MtHap,misc,,2015-01-15,12:00,2015-01-15,12:08,0:08,0.13333333333333333,,,,
personal,eating,,2015-01-15,12:13,2015-01-15,12:25,0:12,0.2,,,,
TA,misc,,2015-01-15,13:23,2015-01-15,13:31,0:08,0.13333333333333333,,,,
RhizPop,lab work,,2015-01-15,13:43,2015-01-15,13:50,0:07,0.11666666666666667,thesis,,,
general,email,,2015-01-15,13:50,2015-01-15,13:55,0:05,0.08333333333333333,,,,
RhizPop,misc,,2015-01-15,14:16,2015-01-15,14:35,0:19,0.31666666666666665,thesis,,,
TA,misc,,2015-01-15,15:12,2015-01-15,15:33,0:21,0.35,,,,
personal,lifting,,2015-01-15,15:50,2015-01-15,17:03,1:13,1.2166666666666666,,,,
meta,campustime,,2015-01-19,08:09,2015-01-19,17:09,9:00,9.0,,,,
general,email,,2015-01-19,08:16,2015-01-19,08:53,0:37,0.6166666666666667,,,,
TA,misc,,2015-01-19,09:14,2015-01-19,09:28,0:14,0.23333333333333334,,,,
TA,misc,,2015-01-19,09:30,2015-01-19,10:09,0:39,0.65,,,,
TA,misc,,2015-01-19,10:13,2015-01-19,10:15,0:02,0.03333333333333333,,,,
general,planning,,2015-01-19,10:42,2015-01-19,10:59,0:17,0.2833333333333333,,,,
RhizPop,misc,,2015-01-19,11:04,2015-01-19,11:22,0:18,0.3,thesis,,,
RhizPop,misc,,2015-01-19,11:24,2015-01-19,11:32,0:08,0.13333333333333333,thesis,,,
personal,eating,,2015-01-19,11:32,2015-01-19,11:47,0:15,0.25,,,,
TA,misc,,2015-01-19,12:30,2015-01-19,14:06,1:36,1.6,,,,
TA,misc,,2015-01-19,14:10,2015-01-19,14:18,0:08,0.13333333333333333,,,,
RhizPop,lab work,,2015-01-19,14:25,2015-01-19,14:56,0:31,0.5166666666666667,thesis,,,
TA,misc,,2015-01-19,15:36,2015-01-19,15:52,0:16,0.26666666666666666,,,,
RhizPop,lab work,,2015-01-19,15:56,2015-01-19,16:00,0:04,0.06666666666666667,thesis,,,
general,writing,,2015-01-20,06:13,2015-01-20,06:38,0:25,0.4166666666666667,,,,
meta,campustime,,2015-01-20,07:41,2015-01-20,16:18,8:37,8.616666666666667,,,,
general,email,,2015-01-20,07:46,2015-01-20,07:56,0:10,0.16666666666666666,,,,
TA,misc,,2015-01-20,08:03,2015-01-20,08:10,0:07,0.11666666666666667,,,,
RhizPop,lab work,,2015-01-20,08:10,2015-01-20,09:09,0:59,0.9833333333333333,thesis,,,
TA,misc,,2015-01-20,09:19,2015-01-20,09:54,0:35,0.5833333333333334,,,,
TA,class,,2015-01-20,10:14,2015-01-20,11:31,1:17,1.2833333333333334,,,,
personal,eating,,2015-01-20,11:54,2015-01-20,12:08,0:14,0.23333333333333334,,,,
general,email,,2015-01-20,12:09,2015-01-20,12:15,0:06,0.1,,,,
RhizPop,lab work,,2015-01-20,12:16,2015-01-20,13:04,0:48,0.8,thesis,,,
RhizPop,lab work,,2015-01-20,13:51,2015-01-20,15:10,1:19,1.3166666666666667,thesis,,,
RhizPop,lab work,,2015-01-20,15:13,2015-01-20,15:27,0:14,0.23333333333333334,thesis,,,
TA,misc,,2015-01-20,15:28,2015-01-20,15:51,0:23,0.38333333333333336,,,,
general,email,,2015-01-20,16:06,2015-01-20,16:08,0:02,0.03333333333333333,,,,
personal,lifting,,2015-01-20,16:26,2015-01-20,17:34,1:08,1.1333333333333333,,,,
service,does0compute,,2015-01-20,19:56,2015-01-20,20:31,0:35,0.5833333333333334,,,,
service,does0compute,,2015-01-20,20:35,2015-01-20,21:16,0:41,0.6833333333333333,,,,
general,writing,,2015-01-21,06:40,2015-01-21,07:01,0:21,0.35,,,,
meta,campustime,,2015-01-21,07:42,2015-01-21,16:38,8:56,8.933333333333334,,,,
RhizPop,lab work,,2015-01-21,08:00,2015-01-21,09:07,1:07,1.1166666666666667,thesis,,,
RhizPop,lab work,,2015-01-21,09:13,2015-01-21,10:08,0:55,0.9166666666666666,thesis,,,
general,email,,2015-01-21,10:11,2015-01-21,10:16,0:05,0.08333333333333333,,,,
general,admin,,2015-01-21,10:16,2015-01-21,10:22,0:06,0.1,,,,
RhizPop,lab work,,2015-01-21,10:23,2015-01-21,11:11,0:48,0.8,thesis,,,
service,winterItasca,,2015-01-21,11:42,2015-01-21,11:46,0:04,0.06666666666666667,,,,
personal,eating,,2015-01-21,11:46,2015-01-21,11:58,0:12,0.2,,,,
RhizPop,lab work,,2015-01-21,12:01,2015-01-21,13:36,1:35,1.5833333333333333,thesis,,,
general,email,,2015-01-21,13:36,2015-01-21,13:38,0:02,0.03333333333333333,,,,
RhizPop,misc,,2015-01-21,13:38,2015-01-21,14:19,0:41,0.6833333333333333,thesis,,,
RhizPop,lab work,,2015-01-21,14:21,2015-01-21,14:31,0:10,0.16666666666666666,thesis,,,
RhizPop,lab work,,2015-01-21,14:40,2015-01-21,15:14,0:34,0.5666666666666667,thesis,,,
RhizPop,misc,,2015-01-21,15:15,2015-01-21,15:40,0:25,0.4166666666666667,thesis,,,
service,does0compute,,2015-01-21,15:51,2015-01-21,16:11,0:20,0.3333333333333333,,,,
TA,misc,,2015-01-21,16:18,2015-01-21,16:37,0:19,0.31666666666666665,,,,
TA,misc,,2015-01-21,19:14,2015-01-21,19:47,0:33,0.55,,,,
service,does0compute,,2015-01-21,19:58,2015-01-21,21:29,1:31,1.5166666666666666,,,,
general,writing,,2015-01-22,06:06,2015-01-22,06:22,0:16,0.26666666666666666,,,,
meta,campustime,,2015-01-22,07:11,2015-01-22,15:06,7:55,7.916666666666667,,,,
RhizPop,lab work,,2015-01-22,07:19,2015-01-22,08:07,0:48,0.8,thesis,,,
TA,misc,,2015-01-22,08:54,2015-01-22,09:22,0:28,0.4666666666666667,,,,
TA,misc,,2015-01-22,09:26,2015-01-22,09:47,0:21,0.35,,,,
TA,misc,,2015-01-22,09:49,2015-01-22,09:51,0:02,0.03333333333333333,,,,
TA,class,,2015-01-22,09:56,2015-01-22,11:51,1:55,1.9166666666666667,,,,
general,email,,2015-01-22,11:54,2015-01-22,11:57,0:03,0.05,,,,
RhizPop,lab work,,2015-01-22,11:57,2015-01-22,12:24,0:27,0.45,thesis,,,
personal,eating,,2015-01-22,12:31,2015-01-22,12:37,0:06,0.1,,,,
service,does0compute,,2015-01-22,12:40,2015-01-22,12:48,0:08,0.13333333333333333,,,,
RhizPop,lab work,,2015-01-22,12:49,2015-01-22,13:09,0:20,0.3333333333333333,thesis,,,
LocFor,meeting,,2015-01-22,13:11,2015-01-22,13:54,0:43,0.7166666666666667,,,,
personal,eating,,2015-01-22,14:54,2015-01-22,15:00,0:06,0.1,,,,
service,does0compute,,2015-01-22,15:00,2015-01-22,15:05,0:05,0.08333333333333333,,,,
personal,lifting,,2015-01-22,15:21,2015-01-22,16:34,1:13,1.2166666666666666,,,,
meta,campustime,,2015-01-22,16:43,2015-01-22,18:06,1:23,1.3833333333333333,,,,
service,does0compute,,2015-01-22,17:20,2015-01-22,17:53,0:33,0.55,,,,
personal,eating,,2015-01-22,17:57,2015-01-22,18:02,0:05,0.08333333333333333,,,,
service,does0compute,,2015-01-22,18:34,2015-01-22,18:56,0:22,0.36666666666666664,,,,
meta,campustime,,2015-01-23,06:30,2015-01-23,17:54,11:24,11.4,,,,
service,does0compute,,2015-01-23,06:33,2015-01-23,07:01,0:28,0.4666666666666667,,,,
service,does0compute,,2015-01-23,07:03,2015-01-23,07:46,0:43,0.7166666666666667,,,,
ResMutLA,reading,,2015-01-23,07:53,2015-01-23,08:30,0:37,0.6166666666666667,,,,
ResMutLA,meeting,,2015-01-23,08:38,2015-01-23,09:39,1:01,1.0166666666666666,,,,
service,does0compute,,2015-01-23,09:53,2015-01-23,11:34,1:41,1.6833333333333333,,,,
general,misc,prospective lunch,2015-01-23,11:42,2015-01-23,12:20,0:38,0.6333333333333333,,,,
general,email,,2015-01-23,12:22,2015-01-23,12:30,0:08,0.13333333333333333,,,,
general,misc,,2015-01-23,12:30,2015-01-23,12:37,0:07,0.11666666666666667,,,,
TA,misc,,2015-01-23,12:41,2015-01-23,12:58,0:17,0.2833333333333333,,,,
TA,misc,,2015-01-23,13:02,2015-01-23,13:32,0:30,0.5,,,,
TA,misc,,2015-01-23,13:38,2015-01-23,13:41,0:03,0.05,,,,
RhizPop,lab work,,2015-01-23,13:48,2015-01-23,14:09,0:21,0.35,thesis,,,
TA,misc,,2015-01-23,14:10,2015-01-23,14:26,0:16,0.26666666666666666,,,,
general,misc,,2015-01-23,14:46,2015-01-23,16:11,1:25,1.4166666666666667,,,,
TA,misc,,2015-01-23,16:32,2015-01-23,16:56,0:24,0.4,,,,
general,writing,,2015-01-25,07:09,2015-01-25,07:38,0:29,0.48333333333333334,,,,
meta,campustime,,2015-01-25,10:58,2015-01-25,12:25,1:27,1.45,,,,
general,email,,2015-01-25,11:04,2015-01-25,11:17,0:13,0.21666666666666667,,,,
TA,misc,,2015-01-25,11:27,2015-01-25,12:01,0:34,0.5666666666666667,,,,
general,planning,,2015-01-25,12:04,2015-01-25,12:07,0:03,0.05,,,,
personal,lifting,,2015-01-25,12:33,2015-01-25,13:54,1:21,1.35,,,,
meta,campustime,,2015-01-25,14:01,2015-01-25,16:24,2:23,2.3833333333333333,,,,
TA,misc,,2015-01-25,14:19,2015-01-25,14:46,0:27,0.45,,,,
personal,eating,,2015-01-25,15:13,2015-01-25,15:25,0:12,0.2,,,,
general,writing,,2015-01-25,15:30,2015-01-25,16:22,0:52,0.8666666666666667,,,,
general,planning,,2015-01-26,06:38,2015-01-26,06:55,0:17,0.2833333333333333,,,,
meta,campustime,,2015-01-26,07:32,2015-01-26,19:19,11:47,11.783333333333333,,,,
general,email,,2015-01-26,07:36,2015-01-26,07:44,0:08,0.13333333333333333,,,,
general,writing,,2015-01-26,07:46,2015-01-26,08:04,0:18,0.3,,,,
PopBen,misc,,2015-01-26,08:05,2015-01-26,08:15,0:10,0.16666666666666666,thesis,,,
funding,Dayton,,2015-01-26,08:17,2015-01-26,08:48,0:31,0.5166666666666667,,,,
general,misc,,2015-01-26,09:12,2015-01-26,09:20,0:08,0.13333333333333333,,,,
funding,Dayton,,2015-01-26,09:21,2015-01-26,09:34,0:13,0.21666666666666667,,,,
general,misc,,2015-01-26,09:43,2015-01-26,09:52,0:09,0.15,,,,
general,misc,,2015-01-26,09:54,2015-01-26,10:23,0:29,0.48333333333333334,,,,
personal,eating,,2015-01-26,11:46,2015-01-26,11:54,0:08,0.13333333333333333,,,,
TA,class,,2015-01-26,11:57,2015-01-26,13:05,1:08,1.1333333333333333,,,,
general,meeting,comgen,2015-01-26,13:26,2015-01-26,14:07,0:41,0.6833333333333333,,,,
PopBen,misc,,2015-01-26,14:39,2015-01-26,14:52,0:13,0.21666666666666667,thesis,,,
LocFor,analysis,,2015-01-26,14:52,2015-01-26,14:59,0:07,0.11666666666666667,,,,
LocFor,analysis,,2015-01-26,15:08,2015-01-26,15:22,0:14,0.23333333333333334,,,,
EmBio,meeting,Emerge Biosci,2015-01-26,15:32,2015-01-26,18:39,3:07,3.1166666666666667,,,,
general,writing,,2015-01-27,06:22,2015-01-27,06:55,0:33,0.55,,,,
general,planning,,2015-01-27,07:21,2015-01-27,07:29,0:08,0.13333333333333333,,,,
meta,campustime,,2015-01-27,07:41,2015-01-27,16:05,8:24,8.4,,,,
general,email,,2015-01-27,07:51,2015-01-27,07:53,0:02,0.03333333333333333,,,,
ResMutLA,misc,,2015-01-27,07:53,2015-01-27,08:04,0:11,0.18333333333333332,,,,
funding,Dayton,,2015-01-27,08:08,2015-01-27,08:53,0:45,0.75,,,,
general,misc,,2015-01-27,08:53,2015-01-27,09:03,0:10,0.16666666666666666,,,,
TA,misc,,2015-01-27,09:03,2015-01-27,09:06,0:03,0.05,,,,
TA,misc,,2015-01-27,09:09,2015-01-27,09:25,0:16,0.26666666666666666,,,,
TA,misc,,2015-01-27,09:33,2015-01-27,09:53,0:20,0.3333333333333333,,,,
TA,class,,2015-01-27,10:00,2015-01-27,11:53,1:53,1.8833333333333333,,,,
general,misc,,2015-01-27,11:59,2015-01-27,12:04,0:05,0.08333333333333333,,,,
personal,eating,,2015-01-27,12:20,2015-01-27,12:38,0:18,0.3,,,,
TA,misc,,2015-01-27,12:38,2015-01-27,12:59,0:21,0.35,,,,
TA,misc,,2015-01-27,13:01,2015-01-27,14:05,1:04,1.0666666666666667,,,,
general,misc,,2015-01-27,14:08,2015-01-27,14:15,0:07,0.11666666666666667,,,,
personal,sleeping,,2015-01-27,14:38,2015-01-27,15:02,0:24,0.4,,,,
TA,misc,,2015-01-27,15:27,2015-01-27,15:30,0:03,0.05,,,,
funding,Dayton,,2015-01-27,15:31,2015-01-27,16:03,0:32,0.5333333333333333,,,,
personal,lifting,,2015-01-27,16:15,2015-01-27,17:36,1:21,1.35,,,,
meta,campustime,,2015-01-27,17:41,2015-01-27,18:20,0:39,0.65,,,,
TA,misc,,2015-01-27,17:44,2015-01-27,18:17,0:33,0.55,,,,
TA,misc,,2015-01-27,19:35,2015-01-27,19:58,0:23,0.38333333333333336,,,,
ResMutLA,reading,,2015-01-27,20:21,2015-01-27,21:04,0:43,0.7166666666666667,,,,
general,writing,,2015-01-27,21:09,2015-01-27,21:20,0:11,0.18333333333333332,,,,
general,writing,,2015-01-28,06:15,2015-01-28,06:51,0:36,0.6,,,,
general,email,,2015-01-28,07:00,2015-01-28,07:04,0:04,0.06666666666666667,,,,
meta,campustime,,2015-01-28,07:38,2015-01-28,17:15,9:37,9.616666666666667,,,,
RhizPop,lab work,,2015-01-28,08:12,2015-01-28,09:27,1:15,1.25,thesis,,,
funding,Dayton,,2015-01-28,09:27,2015-01-28,09:29,0:02,0.03333333333333333,,,,
general,email,,2015-01-28,09:30,2015-01-28,09:37,0:07,0.11666666666666667,,,,
RhizPop,lab work,,2015-01-28,09:39,2015-01-28,11:51,2:12,2.2,thesis,,,
TA,misc,,2015-01-28,11:55,2015-01-28,12:16,0:21,0.35,,,,
general,email,,2015-01-28,12:16,2015-01-28,12:17,0:01,0.016666666666666666,,,,
personal,eating,,2015-01-28,12:29,2015-01-28,12:38,0:09,0.15,,,,
general,planning,,2015-01-28,12:40,2015-01-28,12:48,0:08,0.13333333333333333,,,,
TA,misc,,2015-01-28,12:51,2015-01-28,13:00,0:09,0.15,,,,
BA-LA MA,meeting,,2015-01-28,13:00,2015-01-28,14:13,1:13,1.2166666666666666,,,,
funding,Dayton,,2015-01-28,14:18,2015-01-28,15:18,1:00,1.0,,,,
general,meeting,,2015-01-28,15:18,2015-01-28,15:59,0:41,0.6833333333333333,,,,
RhizPop,lab work,,2015-01-28,16:21,2015-01-28,16:23,0:02,0.03333333333333333,thesis,,,
general,misc,,2015-01-28,16:29,2015-01-28,16:50,0:21,0.35,,,,
funding,Dayton,,2015-01-28,16:54,2015-01-28,17:12,0:18,0.3,,,,
general,email,,2015-01-28,18:46,2015-01-28,18:50,0:04,0.06666666666666667,,,,
funding,Dayton,,2015-01-28,18:51,2015-01-28,20:17,1:26,1.4333333333333333,,,,
funding,Dayton,,2015-01-28,20:29,2015-01-28,20:37,0:08,0.13333333333333333,,,,
funding,Dayton,,2015-01-28,20:41,2015-01-28,20:55,0:14,0.23333333333333334,,,,
funding,Dayton,,2015-01-28,21:03,2015-01-28,21:04,0:01,0.016666666666666666,,,,
meta,campustime,,2015-01-29,07:10,2015-01-29,16:18,9:08,9.133333333333333,,,,
general,email,,2015-01-29,07:16,2015-01-29,07:22,0:06,0.1,,,,
funding,Dayton,,2015-01-29,07:28,2015-01-29,08:11,0:43,0.7166666666666667,,,,
funding,Dayton,,2015-01-29,08:14,2015-01-29,08:36,0:22,0.36666666666666664,,,,
funding,Dayton,,2015-01-29,08:47,2015-01-29,09:09,0:22,0.36666666666666664,,,,
general,email,,2015-01-29,09:09,2015-01-29,09:13,0:04,0.06666666666666667,,,,
TA,misc,,2015-01-29,09:15,2015-01-29,09:55,0:40,0.6666666666666666,,,,
TA,class,,2015-01-29,10:00,2015-01-29,12:03,2:03,2.05,,,,
TA,misc,,2015-01-29,12:08,2015-01-29,12:33,0:25,0.4166666666666667,,,,
personal,eating,,2015-01-29,12:33,2015-01-29,12:46,0:13,0.21666666666666667,,,,
ResMutLA,meeting,,2015-01-29,13:03,2015-01-29,14:23,1:20,1.3333333333333333,,,,
general,misc,cleaning office,2015-01-29,14:45,2015-01-29,15:35,0:50,0.8333333333333334,,,,
general,email,,2015-01-29,15:36,2015-01-29,15:40,0:04,0.06666666666666667,,,,
personal,eating,,2015-01-29,15:58,2015-01-29,16:07,0:09,0.15,,,,
personal,lifting,,2015-01-29,16:28,2015-01-29,17:38,1:10,1.1666666666666667,,,,
TA,misc,,2015-01-29,19:59,2015-01-29,20:14,0:15,0.25,,,,
TA,misc,,2015-01-29,20:41,2015-01-29,20:44,0:03,0.05,,,,
meta,campustime,,2015-01-30,07:41,2015-01-30,16:52,9:11,9.183333333333334,,,,
TA,grading,,2015-01-30,08:13,2015-01-30,09:00,0:47,0.7833333333333333,,,,
TA,grading,,2015-01-30,09:02,2015-01-30,09:52,0:50,0.8333333333333334,,,,
general,meeting,younglab,2015-01-30,10:00,2015-01-30,11:24,1:24,1.4,,,,
personal,eating,,2015-01-30,12:00,2015-01-30,12:18,0:18,0.3,,,,
TA,grading,,2015-01-30,12:30,2015-01-30,13:13,0:43,0.7166666666666667,,,,
general,reading,,2015-01-30,13:19,2015-01-30,13:23,0:04,0.06666666666666667,,,,
TA,misc,,2015-01-30,13:23,2015-01-30,13:34,0:11,0.18333333333333332,,,,
general,reading,,2015-01-30,13:34,2015-01-30,14:14,0:40,0.6666666666666666,,,,
TA,grading,,2015-01-30,14:22,2015-01-30,14:39,0:17,0.2833333333333333,,,,
funding,Dayton,,2015-01-30,14:39,2015-01-30,14:47,0:08,0.13333333333333333,,,,
TA,grading,,2015-01-30,14:48,2015-01-30,15:01,0:13,0.21666666666666667,,,,
general,meeting,tiffinlab,2015-01-30,15:02,2015-01-30,16:28,1:26,1.4333333333333333,,,,
general,email,,2015-01-30,16:40,2015-01-30,16:44,0:04,0.06666666666666667,,,,
TA,grading,,2015-01-30,16:44,2015-01-30,16:48,0:04,0.06666666666666667,,,,
general,email,,2015-01-31,06:44,2015-01-31,06:48,0:04,0.06666666666666667,,,,
meta,campustime,,2015-02-01,09:45,2015-02-01,12:03,2:18,2.3,,,,
general,email,,2015-02-01,09:47,2015-02-01,09:51,0:04,0.06666666666666667,,,,
funding,Dayton,,2015-02-01,10:44,2015-02-01,11:37,0:53,0.8833333333333333,,,,
funding,Dayton,,2015-02-01,11:39,2015-02-01,11:55,0:16,0.26666666666666666,,,,
personal,lifting,,2015-02-01,12:16,2015-02-01,13:34,1:18,1.3,,,,
meta,campustime,,2015-02-01,13:43,2015-02-01,16:21,2:38,2.6333333333333333,,,,
personal,eating,,2015-02-01,14:05,2015-02-01,14:22,0:17,0.2833333333333333,,,,
funding,Dayton,,2015-02-01,15:09,2015-02-01,15:35,0:26,0.43333333333333335,,,,
general,planning,,2015-02-01,15:57,2015-02-01,16:17,0:20,0.3333333333333333,,,,
funding,Dayton,,2015-02-01,19:00,2015-02-01,20:48,1:48,1.8,,,,
general,email,,2015-02-01,20:48,2015-02-01,20:50,0:02,0.03333333333333333,,,,
TA,misc,,2015-02-01,20:50,2015-02-01,20:57,0:07,0.11666666666666667,,,,
meta,campustime,,2015-02-02,07:21,2015-02-02,17:48,10:27,10.45,,,,
general,email,,2015-02-02,07:25,2015-02-02,07:27,0:02,0.03333333333333333,,,,
TA,grading,,2015-02-02,07:27,2015-02-02,07:28,0:01,0.016666666666666666,,,,
TA,misc,,2015-02-02,07:28,2015-02-02,07:37,0:09,0.15,,,,
TA,grading,,2015-02-02,07:37,2015-02-02,07:56,0:19,0.31666666666666665,,,,
TA,grading,,2015-02-02,08:03,2015-02-02,08:34,0:31,0.5166666666666667,,,,
TA,grading,,2015-02-02,08:36,2015-02-02,09:10,0:34,0.5666666666666667,,,,
TA,grading,,2015-02-02,09:12,2015-02-02,09:36,0:24,0.4,,,,
TA,grading,,2015-02-02,09:37,2015-02-02,10:25,0:48,0.8,,,,
funding,Dayton,,2015-02-02,10:26,2015-02-02,10:45,0:19,0.31666666666666665,,,,
TA,misc,,2015-02-02,10:45,2015-02-02,10:52,0:07,0.11666666666666667,,,,
TA,misc,,2015-02-02,10:53,2015-02-02,11:25,0:32,0.5333333333333333,,,,
funding,Dayton,,2015-02-02,11:28,2015-02-02,11:40,0:12,0.2,,,,
personal,eating,,2015-02-02,11:40,2015-02-02,11:49,0:09,0.15,,,,
TA,misc,,2015-02-02,12:01,2015-02-02,12:05,0:04,0.06666666666666667,,,,
TA,class,,2015-02-02,12:05,2015-02-02,13:02,0:57,0.95,,,,
funding,Dayton,,2015-02-02,13:15,2015-02-02,15:32,2:17,2.283333333333333,,,,
funding,Dayton,,2015-02-02,15:34,2015-02-02,16:06,0:32,0.5333333333333333,,,,
TA,misc,,2015-02-02,16:39,2015-02-02,16:46,0:07,0.11666666666666667,,,,
TA,misc,,2015-02-02,16:48,2015-02-02,16:50,0:02,0.03333333333333333,,,,
TA,misc,,2015-02-02,16:59,2015-02-02,17:00,0:01,0.016666666666666666,,,,
MtHap,misc,,2015-02-02,17:01,2015-02-02,17:42,0:41,0.6833333333333333,,,,
meta,campustime,,2015-02-03,07:39,2015-02-03,15:42,8:03,8.05,,,,
general,email,,2015-02-03,07:53,2015-02-03,07:58,0:05,0.08333333333333333,,,,
RhizPop,misc,,2015-02-03,08:01,2015-02-03,08:20,0:19,0.31666666666666665,thesis,,,
TA,misc,,2015-02-03,08:21,2015-02-03,08:33,0:12,0.2,,,,
TA,misc,,2015-02-03,08:38,2015-02-03,09:11,0:33,0.55,,,,
general,email,,2015-02-03,09:13,2015-02-03,09:17,0:04,0.06666666666666667,,,,
general,misc,,2015-02-03,09:27,2015-02-03,09:32,0:05,0.08333333333333333,,,,
TA,misc,,2015-02-03,09:32,2015-02-03,09:55,0:23,0.38333333333333336,,,,
TA,class,,2015-02-03,10:00,2015-02-03,11:51,1:51,1.85,,,,
personal,eating,,2015-02-03,12:06,2015-02-03,12:26,0:20,0.3333333333333333,,,,
TA,misc,,2015-02-03,12:26,2015-02-03,12:55,0:29,0.48333333333333334,,,,
TA,class,,2015-02-03,12:59,2015-02-03,14:03,1:04,1.0666666666666667,,,,
personal,lifting,,2015-02-03,15:55,2015-02-03,17:01,1:06,1.1,,,,
meta,campustime,,2015-02-03,17:13,2015-02-03,18:04,0:51,0.85,,,,
general,email,,2015-02-03,17:16,2015-02-03,17:17,0:01,0.016666666666666666,,,,
ResMutLA,misc,,2015-02-03,17:28,2015-02-03,18:02,0:34,0.5666666666666667,,,,
ResMutLA,misc,,2015-02-03,20:03,2015-02-03,21:04,1:01,1.0166666666666666,,,,
general,writing,,2015-02-04,06:31,2015-02-04,06:57,0:26,0.43333333333333335,,,,
meta,campustime,,2015-02-04,07:43,2015-02-04,16:38,8:55,8.916666666666666,,,,
TA,misc,,2015-02-04,07:51,2015-02-04,07:54,0:03,0.05,,,,
general,email,,2015-02-04,07:54,2015-02-04,08:01,0:07,0.11666666666666667,,,,
ResMutLA,misc,,2015-02-04,08:01,2015-02-04,08:29,0:28,0.4666666666666667,,,,
TA,misc,,2015-02-04,08:29,2015-02-04,08:40,0:11,0.18333333333333332,,,,
ResMutLA,meeting,,2015-02-04,08:49,2015-02-04,09:55,1:06,1.1,,,,
general,email,,2015-02-04,10:10,2015-02-04,10:20,0:10,0.16666666666666666,,,,
TA,misc,,2015-02-04,10:20,2015-02-04,10:23,0:03,0.05,,,,
RhizPop,lab work,,2015-02-04,10:42,2015-02-04,11:32,0:50,0.8333333333333334,thesis,,,
general,email,,2015-02-04,11:33,2015-02-04,11:39,0:06,0.1,,,,
personal,eating,,2015-02-04,11:51,2015-02-04,11:57,0:06,0.1,,,,
general,misc,,2015-02-04,12:03,2015-02-04,13:03,1:00,1.0,,,,
general,email,,2015-02-04,13:30,2015-02-04,13:32,0:02,0.03333333333333333,,,,
TA,misc,,2015-02-04,13:33,2015-02-04,13:38,0:05,0.08333333333333333,,,,
personal,eating,,2015-02-04,13:38,2015-02-04,13:42,0:04,0.06666666666666667,,,,
RhizPop,lab work,,2015-02-04,13:46,2015-02-04,14:49,1:03,1.05,thesis,,,
TA,misc,,2015-02-04,15:00,2015-02-04,15:21,0:21,0.35,,,,
seminar,research seminar,,2015-02-04,15:29,2015-02-04,16:34,1:05,1.0833333333333333,,,,
EmBio,misc,,2015-02-04,17:40,2015-02-04,18:16,0:36,0.6,,,,
meta,campustime,,2015-02-05,07:25,2015-02-05,17:45,10:20,10.333333333333334,,,,
general,email,,2015-02-05,07:36,2015-02-05,07:37,0:01,0.016666666666666666,,,,
general,reading,,2015-02-05,07:38,2015-02-05,08:19,0:41,0.6833333333333333,,,,
general,email,,2015-02-05,08:43,2015-02-05,08:49,0:06,0.1,,,,
TA,misc,,2015-02-05,08:52,2015-02-05,09:32,0:40,0.6666666666666666,,,,
TA,misc,,2015-02-05,09:34,2015-02-05,09:57,0:23,0.38333333333333336,,,,
TA,class,,2015-02-05,10:00,2015-02-05,11:49,1:49,1.8166666666666667,,,,
TA,misc,,2015-02-05,11:56,2015-02-05,12:02,0:06,0.1,,,,
personal,eating,,2015-02-05,12:03,2015-02-05,12:04,0:01,0.016666666666666666,,,,
personal,eating,,2015-02-05,12:31,2015-02-05,12:44,0:13,0.21666666666666667,,,,
personal,eating,,2015-02-05,12:45,2015-02-05,12:51,0:06,0.1,,,,
LocFor,analysis,,2015-02-05,13:08,2015-02-05,13:23,0:15,0.25,,,,
general,misc,,2015-02-05,13:30,2015-02-05,13:35,0:05,0.08333333333333333,,,,
TA,misc,,2015-02-05,13:44,2015-02-05,13:46,0:02,0.03333333333333333,,,,
LocFor,analysis,,2015-02-05,13:46,2015-02-05,14:31,0:45,0.75,,,,
MtHap,misc,,2015-02-05,14:45,2015-02-05,16:01,1:16,1.2666666666666666,,,,
seminar,evolTWIN,,2015-02-05,16:05,2015-02-05,17:03,0:58,0.9666666666666667,,,,
meta,campustime,,2015-02-06,07:39,2015-02-06,16:12,8:33,8.55,,,,
general,email,,2015-02-06,07:46,2015-02-06,07:51,0:05,0.08333333333333333,,,,
general,misc,,2015-02-06,08:29,2015-02-06,08:32,0:03,0.05,,,,
funding,Torske Klubben,,2015-02-06,08:32,2015-02-06,08:44,0:12,0.2,,,,
LocFor,analysis,,2015-02-06,08:44,2015-02-06,09:07,0:23,0.38333333333333336,,,,
LocFor,analysis,,2015-02-06,09:09,2015-02-06,09:40,0:31,0.5166666666666667,,,,
seminar,does0compute,,2015-02-06,10:00,2015-02-06,11:01,1:01,1.0166666666666666,,,,
personal,eating,,2015-02-06,12:52,2015-02-06,12:59,0:07,0.11666666666666667,,,,
general,reading,,2015-02-06,12:59,2015-02-06,13:13,0:14,0.23333333333333334,,,,
personal,eating,,2015-02-06,13:13,2015-02-06,13:22,0:09,0.15,,,,
general,reading,,2015-02-06,13:24,2015-02-06,13:47,0:23,0.38333333333333336,,,,
general,reading,,2015-02-06,14:00,2015-02-06,14:15,0:15,0.25,,,,
general,email,,2015-02-06,14:15,2015-02-06,14:17,0:02,0.03333333333333333,,,,
LocFor,analysis,,2015-02-06,14:17,2015-02-06,14:55,0:38,0.6333333333333333,,,,
general,meeting,tiffinlab,2015-02-06,15:00,2015-02-06,16:05,1:05,1.0833333333333333,,,,
personal,lifting,,2015-02-06,16:20,2015-02-06,17:21,1:01,1.0166666666666666,,,,
general,reading,,2015-02-08,10:20,2015-02-08,11:08,0:48,0.8,,,,
meta,campustime,,2015-02-08,12:30,2015-02-08,14:50,2:20,2.3333333333333335,,,,
general,email,,2015-02-08,12:33,2015-02-08,12:36,0:03,0.05,,,,
TA,misc,,2015-02-08,14:14,2015-02-08,14:19,0:05,0.08333333333333333,,,,
personal,eating,,2015-02-08,14:43,2015-02-08,14:45,0:02,0.03333333333333333,,,,
personal,lifting,,2015-02-08,15:16,2015-02-08,16:42,1:26,1.4333333333333333,,,,
TA,misc,,2015-02-08,18:13,2015-02-08,18:28,0:15,0.25,,,,
EmBio,misc,,2015-02-08,18:38,2015-02-08,19:00,0:22,0.36666666666666664,,,,
general,writing,,2015-02-09,06:44,2015-02-09,06:58,0:14,0.23333333333333334,,,,
meta,campustime,,2015-02-09,07:41,2015-02-09,18:31,10:50,10.833333333333334,,,,
general,email,,2015-02-09,07:44,2015-02-09,07:49,0:05,0.08333333333333333,,,,
TA,misc,,2015-02-09,08:18,2015-02-09,09:06,0:48,0.8,,,,
TA,grading,,2015-02-09,09:26,2015-02-09,09:58,0:32,0.5333333333333333,,,,
TA,misc,,2015-02-09,10:05,2015-02-09,10:14,0:09,0.15,,,,
general,reading,,2015-02-09,10:24,2015-02-09,10:41,0:17,0.2833333333333333,,,,
general,reading,,2015-02-09,10:44,2015-02-09,11:04,0:20,0.3333333333333333,,,,
general,email,,2015-02-09,11:05,2015-02-09,11:13,0:08,0.13333333333333333,,,,
general,misc,,2015-02-09,11:14,2015-02-09,11:19,0:05,0.08333333333333333,,,,
personal,eating,,2015-02-09,11:43,2015-02-09,11:50,0:07,0.11666666666666667,,,,
TA,class,,2015-02-09,11:58,2015-02-09,13:06,1:08,1.1333333333333333,,,,
BA-LA MA,misc,,2015-02-09,13:11,2015-02-09,13:25,0:14,0.23333333333333334,,,,
general,meeting,comgen,2015-02-09,13:30,2015-02-09,14:34,1:04,1.0666666666666667,,,,
EmBio,misc,,2015-02-09,14:49,2015-02-09,14:51,0:02,0.03333333333333333,,,,
general,planning,,2015-02-09,14:52,2015-02-09,15:09,0:17,0.2833333333333333,,,,
BA-LA MA,misc,,2015-02-09,15:09,2015-02-09,15:20,0:11,0.18333333333333332,,,,
EmBio,meeting,,2015-02-09,15:30,2015-02-09,18:16,2:46,2.7666666666666666,,,,
general,email,,2015-02-09,20:20,2015-02-09,20:25,0:05,0.08333333333333333,,,,
TA,misc,,2015-02-09,20:26,2015-02-09,20:44,0:18,0.3,,,,
TA,misc,,2015-02-09,20:57,2015-02-09,21:14,0:17,0.2833333333333333,,,,
TA,misc,,2015-02-09,21:26,2015-02-09,21:54,0:28,0.4666666666666667,,,,
general,writing,,2015-02-10,06:25,2015-02-10,07:02,0:37,0.6166666666666667,,,,
meta,campustime,,2015-02-10,07:41,2015-02-10,15:28,7:47,7.783333333333333,,,,
general,email,,2015-02-10,07:50,2015-02-10,07:53,0:03,0.05,,,,
general,planning,,2015-02-10,08:11,2015-02-10,08:44,0:33,0.55,,,,
general,planning,,2015-02-10,08:55,2015-02-10,09:04,0:09,0.15,,,,
TA,misc,,2015-02-10,09:05,2015-02-10,09:09,0:04,0.06666666666666667,,,,
general,email,,2015-02-10,09:18,2015-02-10,09:19,0:01,0.016666666666666666,,,,
TA,misc,,2015-02-10,09:24,2015-02-10,09:49,0:25,0.4166666666666667,,,,
TA,grading,,2015-02-10,09:50,2015-02-10,09:55,0:05,0.08333333333333333,,,,
TA,class,,2015-02-10,10:02,2015-02-10,12:14,2:12,2.2,,,,
general,misc,,2015-02-10,12:17,2015-02-10,12:29,0:12,0.2,,,,
general,email,,2015-02-10,12:41,2015-02-10,12:45,0:04,0.06666666666666667,,,,
personal,eating,,2015-02-10,12:48,2015-02-10,12:59,0:11,0.18333333333333332,,,,
TA,class,,2015-02-10,13:02,2015-02-10,13:52,0:50,0.8333333333333334,,,,
general,email,,2015-02-10,13:52,2015-02-10,13:55,0:03,0.05,,,,
LocFor,analysis,,2015-02-10,13:58,2015-02-10,14:44,0:46,0.7666666666666667,,,,
general,meeting,,2015-02-10,14:44,2015-02-10,14:59,0:15,0.25,,,,
general,writing,,2015-02-10,15:01,2015-02-10,15:04,0:03,0.05,,,,
general,misc,,2015-02-10,15:16,2015-02-10,15:18,0:02,0.03333333333333333,,,,
general,email,,2015-02-10,15:18,2015-02-10,15:25,0:07,0.11666666666666667,,,,
personal,lifting,,2015-02-10,15:38,2015-02-10,17:08,1:30,1.5,,,,
general,email,,2015-02-10,19:11,2015-02-10,19:16,0:05,0.08333333333333333,,,,
BA-LA MA,misc,,2015-02-10,19:16,2015-02-10,20:36,1:20,1.3333333333333333,,,,
BA-LA MA,misc,,2015-02-10,20:42,2015-02-10,21:17,0:35,0.5833333333333334,,,,
TA,misc,,2015-02-10,21:17,2015-02-10,21:20,0:03,0.05,,,,
general,writing,,2015-02-11,06:23,2015-02-11,06:56,0:33,0.55,,,,
meta,campustime,,2015-02-11,07:49,2015-02-11,16:44,8:55,8.916666666666666,,,,
general,email,,2015-02-11,07:55,2015-02-11,07:58,0:03,0.05,,,,
TA,grading,,2015-02-11,08:08,2015-02-11,08:56,0:48,0.8,,,,
TA,grading,,2015-02-11,08:58,2015-02-11,09:27,0:29,0.48333333333333334,,,,
TA,grading,,2015-02-11,09:32,2015-02-11,10:24,0:52,0.8666666666666667,,,,
TA,grading,,2015-02-11,10:32,2015-02-11,10:59,0:27,0.45,,,,
TA,grading,,2015-02-11,11:02,2015-02-11,11:39,0:37,0.6166666666666667,,,,
personal,eating,,2015-02-11,11:45,2015-02-11,12:00,0:15,0.25,,,,
general,email,,2015-02-11,12:14,2015-02-11,12:17,0:03,0.05,,,,
TA,grading,,2015-02-11,12:20,2015-02-11,12:49,0:29,0.48333333333333334,,,,
TA,grading,,2015-02-11,12:51,2015-02-11,13:00,0:09,0.15,,,,
BA-LA MA,misc,,2015-02-11,13:00,2015-02-11,13:02,0:02,0.03333333333333333,,,,
TA,grading,,2015-02-11,13:03,2015-02-11,14:33,1:30,1.5,,,,
TA,grading,,2015-02-11,14:35,2015-02-11,15:31,0:56,0.9333333333333333,,,,
TA,misc,,2015-02-11,15:31,2015-02-11,15:39,0:08,0.13333333333333333,,,,
general,email,,2015-02-11,16:03,2015-02-11,16:06,0:03,0.05,,,,
TA,misc,,2015-02-11,16:06,2015-02-11,16:41,0:35,0.5833333333333334,,,,
TA,misc,,2015-02-11,20:00,2015-02-11,20:10,0:10,0.16666666666666666,,,,
TA,misc,,2015-02-11,20:12,2015-02-11,20:28,0:16,0.26666666666666666,,,,
TA,misc,,2015-02-11,21:06,2015-02-11,21:09,0:03,0.05,,,,
general,planning,,2015-02-12,06:41,2015-02-12,06:48,0:07,0.11666666666666667,,,,
general,writing,,2015-02-12,06:48,2015-02-12,07:04,0:16,0.26666666666666666,,,,
meta,campustime,,2015-02-12,07:38,2015-02-12,17:06,9:28,9.466666666666667,,,,
general,email,,2015-02-12,07:42,2015-02-12,07:45,0:03,0.05,,,,
NManip,misc,,2015-02-12,08:00,2015-02-12,09:01,1:01,1.0166666666666666,thesis,,,
general,email,,2015-02-12,09:03,2015-02-12,09:10,0:07,0.11666666666666667,,,,
TA,misc,,2015-02-12,09:10,2015-02-12,09:33,0:23,0.38333333333333336,,,,
TA,misc,,2015-02-12,09:46,2015-02-12,09:52,0:06,0.1,,,,
TA,class,,2015-02-12,10:01,2015-02-12,13:14,3:13,3.216666666666667,,,,
general,email,,2015-02-12,13:22,2015-02-12,13:26,0:04,0.06666666666666667,,,,
personal,eating,,2015-02-12,13:27,2015-02-12,13:34,0:07,0.11666666666666667,,,,
RhizPop,lab work,,2015-02-12,13:42,2015-02-12,13:54,0:12,0.2,thesis,,,
general,misc,Leland's practice orals,2015-02-12,14:15,2015-02-12,16:49,2:34,2.566666666666667,,,,
personal,lifting,,2015-02-12,17:16,2015-02-12,18:27,1:11,1.1833333333333333,,,,
TA,misc,,2015-02-12,19:52,2015-02-12,20:06,0:14,0.23333333333333334,,,,
general,reading,,2015-02-12,20:24,2015-02-12,20:41,0:17,0.2833333333333333,,,,
TA,misc,,2015-02-12,20:41,2015-02-12,20:51,0:10,0.16666666666666666,,,,
general,planning,,2015-02-13,06:25,2015-02-13,06:45,0:20,0.3333333333333333,,,,
general,planning,,2015-02-13,07:00,2015-02-13,07:02,0:02,0.03333333333333333,,,,
meta,campustime,,2015-02-13,07:40,2015-02-13,15:54,8:14,8.233333333333333,,,,
NManip,misc,,2015-02-13,08:12,2015-02-13,09:08,0:56,0.9333333333333333,thesis,,,
NManip,reading,,2015-02-13,09:15,2015-02-13,10:03,0:48,0.8,thesis,,,
general,email,,2015-02-13,10:06,2015-02-13,10:07,0:01,0.016666666666666666,,,,
general,email,,2015-02-13,10:40,2015-02-13,10:42,0:02,0.03333333333333333,,,,
ResMutLA,misc,,2015-02-13,10:43,2015-02-13,11:04,0:21,0.35,,,,
personal,eating,,2015-02-13,11:27,2015-02-13,11:37,0:10,0.16666666666666666,,,,
NManip,misc,,2015-02-13,11:46,2015-02-13,12:01,0:15,0.25,thesis,,,
general,email,,2015-02-13,12:04,2015-02-13,12:09,0:05,0.08333333333333333,,,,
NManip,meeting,,2015-02-13,12:13,2015-02-13,13:08,0:55,0.9166666666666666,thesis,,,
NManip,misc,,2015-02-13,13:15,2015-02-13,13:25,0:10,0.16666666666666666,thesis,,,
general,misc,,2015-02-13,13:27,2015-02-13,13:34,0:07,0.11666666666666667,,,,
general,misc,,2015-02-13,13:34,2015-02-13,13:59,0:25,0.4166666666666667,,,,
general,misc,,2015-02-13,13:59,2015-02-13,14:04,0:05,0.08333333333333333,,,,
general,misc,,2015-02-13,14:05,2015-02-13,14:14,0:09,0.15,,,,
BA-LA MA,misc,,2015-02-13,14:18,2015-02-13,14:39,0:21,0.35,,,,
RhizPop,lab work,,2015-02-13,14:43,2015-02-13,15:36,0:53,0.8833333333333333,thesis,,,
general,planning,,2015-02-14,07:37,2015-02-14,07:41,0:04,0.06666666666666667,,,,
ResMutLA,reading,,2015-02-14,12:07,2015-02-14,13:02,0:55,0.9166666666666666,,,,
ResMutLA,misc,,2015-02-14,13:02,2015-02-14,13:10,0:08,0.13333333333333333,,,,
personal,lifting,,2015-02-14,14:12,2015-02-14,16:07,1:55,1.9166666666666667,,,,
general,email,,2015-02-14,16:29,2015-02-14,16:37,0:08,0.13333333333333333,,,,
meta,campustime,,2015-02-14,16:29,2015-02-14,17:13,0:44,0.7333333333333333,,,,
service,SciOly,,2015-02-15,08:41,2015-02-15,09:08,0:27,0.45,,,,
general,planning,,2015-02-16,06:39,2015-02-16,06:46,0:07,0.11666666666666667,,,,
meta,campustime,,2015-02-16,08:06,2015-02-16,17:20,9:14,9.233333333333333,,,,
general,email,,2015-02-16,08:22,2015-02-16,08:30,0:08,0.13333333333333333,,,,
NManip,misc,,2015-02-16,08:50,2015-02-16,09:29,0:39,0.65,thesis,,,
NManip,misc,,2015-02-16,09:43,2015-02-16,10:21,0:38,0.6333333333333333,thesis,,,
general,email,,2015-02-16,10:21,2015-02-16,10:25,0:04,0.06666666666666667,,,,
TA,misc,,2015-02-16,10:32,2015-02-16,11:23,0:51,0.85,,,,
personal,eating,,2015-02-16,12:08,2015-02-16,12:24,0:16,0.26666666666666666,,,,
general,email,,2015-02-16,12:28,2015-02-16,12:34,0:06,0.1,,,,
TA,misc,,2015-02-16,12:48,2015-02-16,13:09,0:21,0.35,,,,
TA,hw4,,2015-02-16,13:25,2015-02-16,13:44,0:19,0.31666666666666665,,,,
service,SciOly,,2015-02-16,13:49,2015-02-16,13:54,0:05,0.08333333333333333,,,,
service,SciOly,,2015-02-16,13:57,2015-02-16,14:54,0:57,0.95,,,,
personal,eating,,2015-02-16,15:37,2015-02-16,15:49,0:12,0.2,,,,
TA,grading,,2015-02-16,15:53,2015-02-16,17:15,1:22,1.3666666666666667,,,,
general,planning,,2015-02-17,06:22,2015-02-17,06:36,0:14,0.23333333333333334,,,,
general,writing,,2015-02-17,06:36,2015-02-17,06:39,0:03,0.05,,,,
funding,Torske Klubben,,2015-02-17,06:39,2015-02-17,06:57,0:18,0.3,,,,
general,email,,2015-02-17,06:57,2015-02-17,07:03,0:06,0.1,,,,
meta,campustime,,2015-02-17,07:40,2015-02-17,16:10,8:30,8.5,,,,
NManip,reading,,2015-02-17,07:59,2015-02-17,09:00,1:01,1.0166666666666666,thesis,,,
general,email,,2015-02-17,09:02,2015-02-17,09:10,0:08,0.13333333333333333,,,,
funding,Torske Klubben,,2015-02-17,09:10,2015-02-17,09:18,0:08,0.13333333333333333,,,,
TA,misc,,2015-02-17,09:21,2015-02-17,09:40,0:19,0.31666666666666665,,,,
funding,Torske Klubben,,2015-02-17,09:40,2015-02-17,09:43,0:03,0.05,,,,
funding,Torske Klubben,,2015-02-17,09:45,2015-02-17,09:55,0:10,0.16666666666666666,,,,
TA,class,,2015-02-17,10:07,2015-02-17,11:42,1:35,1.5833333333333333,,,,
personal,eating,,2015-02-17,11:51,2015-02-17,12:11,0:20,0.3333333333333333,,,,
BA-LA MA,misc,,2015-02-17,12:26,2015-02-17,12:59,0:33,0.55,,,,
TA,class,,2015-02-17,13:02,2015-02-17,13:50,0:48,0.8,,,,
BA-LA MA,misc,,2015-02-17,14:23,2015-02-17,14:58,0:35,0.5833333333333334,,,,
general,email,,2015-02-17,14:58,2015-02-17,14:59,0:01,0.016666666666666666,,,,
LocFor,meeting,,2015-02-17,14:59,2015-02-17,15:31,0:32,0.5333333333333333,,,,
LocFor,analysis,,2015-02-17,15:36,2015-02-17,15:47,0:11,0.18333333333333332,,,,
LocFor,analysis,,2015-02-17,15:51,2015-02-17,16:00,0:09,0.15,,,,
personal,lifting,,2015-02-17,16:23,2015-02-17,17:41,1:18,1.3,,,,
general,reading,,2015-02-17,19:47,2015-02-17,20:45,0:58,0.9666666666666667,,,,
general,writing,,2015-02-17,20:53,2015-02-17,21:16,0:23,0.38333333333333336,,,,
general,planning,,2015-02-17,21:16,2015-02-17,21:22,0:06,0.1,,,,
general,email,,2015-02-17,21:25,2015-02-17,21:43,0:18,0.3,,,,
general,planning,,2015-02-18,06:38,2015-02-18,06:42,0:04,0.06666666666666667,,,,
funding,Torske Klubben,,2015-02-18,06:42,2015-02-18,07:03,0:21,0.35,,,,
meta,campustime,,2015-02-18,07:43,2015-02-18,15:24,7:41,7.683333333333334,,,,
general,email,,2015-02-18,07:56,2015-02-18,08:00,0:04,0.06666666666666667,,,,
general,reading,,2015-02-18,08:19,2015-02-18,08:33,0:14,0.23333333333333334,,,,
ResMutLA,meeting,,2015-02-18,08:52,2015-02-18,09:47,0:55,0.9166666666666666,,,,
TA,grading,,2015-02-18,10:25,2015-02-18,11:28,1:03,1.05,,,,
personal,eating,,2015-02-18,11:47,2015-02-18,12:03,0:16,0.26666666666666666,,,,
TA,grading,,2015-02-18,12:04,2015-02-18,12:45,0:41,0.6833333333333333,,,,
TA,grading,,2015-02-18,13:00,2015-02-18,13:20,0:20,0.3333333333333333,,,,
BA-LA MA,meeting,,2015-02-18,13:30,2015-02-18,14:10,0:40,0.6666666666666666,,,,
TA,grading,,2015-02-18,14:18,2015-02-18,15:22,1:04,1.0666666666666667,,,,
general,reading,,2015-02-18,16:03,2015-02-18,16:27,0:24,0.4,,,,
general,email,,2015-02-18,18:29,2015-02-18,18:37,0:08,0.13333333333333333,,,,
funding,Torske Klubben,,2015-02-18,18:43,2015-02-18,19:28,0:45,0.75,,,,
funding,Torske Klubben,,2015-02-18,20:43,2015-02-18,21:09,0:26,0.43333333333333335,,,,
general,planning,,2015-02-19,06:31,2015-02-19,06:43,0:12,0.2,,,,
TA,misc,,2015-02-19,06:43,2015-02-19,06:57,0:14,0.23333333333333334,,,,
meta,campustime,,2015-02-19,07:40,2015-02-19,15:38,7:58,7.966666666666667,,,,
funding,Torske Klubben,,2015-02-19,08:07,2015-02-19,08:56,0:49,0.8166666666666667,,,,
funding,Torske Klubben,,2015-02-19,09:00,2015-02-19,09:03,0:03,0.05,,,,
general,email,,2015-02-19,09:07,2015-02-19,09:21,0:14,0.23333333333333334,,,,
TA,misc,,2015-02-19,09:28,2015-02-19,09:56,0:28,0.4666666666666667,,,,
TA,class,,2015-02-19,10:01,2015-02-19,12:10,2:09,2.15,,,,
general,email,,2015-02-19,12:16,2015-02-19,12:20,0:04,0.06666666666666667,,,,
personal,eating,,2015-02-19,12:23,2015-02-19,12:40,0:17,0.2833333333333333,,,,
funding,Torske Klubben,,2015-02-19,13:20,2015-02-19,13:29,0:09,0.15,,,,
funding,Torske Klubben,,2015-02-19,13:42,2015-02-19,15:07,1:25,1.4166666666666667,,,,
general,email,,2015-02-19,15:07,2015-02-19,15:11,0:04,0.06666666666666667,,,,
funding,Torske Klubben,,2015-02-19,15:11,2015-02-19,15:22,0:11,0.18333333333333332,,,,
personal,eating,,2015-02-19,15:29,2015-02-19,15:35,0:06,0.1,,,,
personal,lifting,,2015-02-19,15:47,2015-02-19,17:28,1:41,1.6833333333333333,,,,
general,email,,2015-02-19,19:06,2015-02-19,19:20,0:14,0.23333333333333334,,,,
funding,Torske Klubben,,2015-02-19,19:27,2015-02-19,20:28,1:01,1.0166666666666666,,,,
general,email,,2015-02-19,20:28,2015-02-19,20:53,0:25,0.4166666666666667,,,,
general,planning,,2015-02-20,06:28,2015-02-20,06:33,0:05,0.08333333333333333,,,,
general,email,,2015-02-20,06:33,2015-02-20,06:49,0:16,0.26666666666666666,,,,
TA,misc,,2015-02-20,06:49,2015-02-20,07:11,0:22,0.36666666666666664,,,,
meta,campustime,,2015-02-20,07:57,2015-02-20,17:46,9:49,9.816666666666666,,,,
general,email,,2015-02-20,08:04,2015-02-20,08:08,0:04,0.06666666666666667,,,,
NManip,misc,,2015-02-20,08:26,2015-02-20,09:12,0:46,0.7666666666666667,thesis,,,
NManip,misc,,2015-02-20,09:15,2015-02-20,09:25,0:10,0.16666666666666666,thesis,,,
NManip,misc,,2015-02-20,09:30,2015-02-20,09:44,0:14,0.23333333333333334,thesis,,,
NManip,reading,,2015-02-20,09:44,2015-02-20,09:50,0:06,0.1,thesis,,,
seminar,does0compute,,2015-02-20,10:05,2015-02-20,11:03,0:58,0.9666666666666667,,,,
NManip,misc,,2015-02-20,11:03,2015-02-20,11:05,0:02,0.03333333333333333,thesis,,,
general,misc,,2015-02-20,11:28,2015-02-20,11:32,0:04,0.06666666666666667,,,,
personal,eating,,2015-02-20,11:34,2015-02-20,11:44,0:10,0.16666666666666666,,,,
NManip,misc,,2015-02-20,11:46,2015-02-20,12:02,0:16,0.26666666666666666,thesis,,,
NManip,meeting,,2015-02-20,12:02,2015-02-20,12:38,0:36,0.6,thesis,,,
general,email,,2015-02-20,12:40,2015-02-20,12:42,0:02,0.03333333333333333,,,,
NManip,misc,,2015-02-20,12:44,2015-02-20,12:56,0:12,0.2,thesis,,,
NManip,misc,,2015-02-20,13:06,2015-02-20,13:10,0:04,0.06666666666666667,thesis,,,
general,misc,,2015-02-20,14:04,2015-02-20,14:34,0:30,0.5,,,,
general,email,,2015-02-20,14:34,2015-02-20,14:41,0:07,0.11666666666666667,,,,
general,misc,,2015-02-20,14:42,2015-02-20,14:47,0:05,0.08333333333333333,,,,
general,meeting,tiffinlab,2015-02-20,14:56,2015-02-20,16:08,1:12,1.2,,,,
general,email,,2015-02-20,16:56,2015-02-20,16:57,0:01,0.016666666666666666,,,,
TA,misc,,2015-02-20,16:57,2015-02-20,17:34,0:37,0.6166666666666667,,,,
general,email,,2015-02-21,10:35,2015-02-21,10:41,0:06,0.1,,,,
funding,Torske Klubben,,2015-02-21,11:09,2015-02-21,11:45,0:36,0.6,,,,
funding,Torske Klubben,,2015-02-21,12:25,2015-02-21,12:27,0:02,0.03333333333333333,,,,
general,planning,,2015-02-21,12:27,2015-02-21,12:34,0:07,0.11666666666666667,,,,
funding,Torske Klubben,,2015-02-21,12:46,2015-02-21,13:01,0:15,0.25,,,,
funding,Torske Klubben,,2015-02-21,13:08,2015-02-21,13:25,0:17,0.2833333333333333,,,,
funding,Torske Klubben,,2015-02-21,16:23,2015-02-21,16:28,0:05,0.08333333333333333,,,,
funding,Torske Klubben,,2015-02-21,16:31,2015-02-21,16:52,0:21,0.35,,,,
funding,Torske Klubben,,2015-02-21,17:06,2015-02-21,17:39,0:33,0.55,,,,
general,misc,,2015-02-22,12:43,2015-02-22,13:05,0:22,0.36666666666666664,,,,
general,misc,,2015-02-22,13:06,2015-02-22,13:17,0:11,0.18333333333333332,,,,
funding,Torske Klubben,,2015-02-22,13:28,2015-02-22,14:31,1:03,1.05,,,,
personal,meditate,,2015-02-22,17:35,2015-02-22,17:45,0:10,0.16666666666666666,,,,
funding,Torske Klubben,,2015-02-22,18:00,2015-02-22,18:36,0:36,0.6,,,,
funding,Torske Klubben,,2015-02-22,18:37,2015-02-22,19:14,0:37,0.6166666666666667,,,,
funding,Torske Klubben,,2015-02-22,19:16,2015-02-22,20:44,1:28,1.4666666666666666,,,,
general,planning,,2015-02-23,05:58,2015-02-23,06:14,0:16,0.26666666666666666,,,,
funding,Torske Klubben,,2015-02-23,06:14,2015-02-23,06:49,0:35,0.5833333333333334,,,,
meta,campustime,,2015-02-23,07:26,2015-02-23,20:34,13:08,13.133333333333333,,,,
funding,Torske Klubben,,2015-02-23,07:34,2015-02-23,08:12,0:38,0.6333333333333333,,,,
funding,Torske Klubben,,2015-02-23,08:30,2015-02-23,08:56,0:26,0.43333333333333335,,,,
funding,Torske Klubben,,2015-02-23,08:58,2015-02-23,09:40,0:42,0.7,,,,
funding,Torske Klubben,,2015-02-23,09:44,2015-02-23,10:38,0:54,0.9,,,,
funding,Torske Klubben,,2015-02-23,10:38,2015-02-23,10:51,0:13,0.21666666666666667,,,,
general,reading,,2015-02-23,11:22,2015-02-23,11:37,0:15,0.25,,,,
personal,eating,,2015-02-23,11:53,2015-02-23,12:01,0:08,0.13333333333333333,,,,
TA,class,,2015-02-23,12:02,2015-02-23,13:01,0:59,0.9833333333333333,,,,
general,misc,,2015-02-23,13:11,2015-02-23,13:21,0:10,0.16666666666666666,,,,
general,meeting,comgen,2015-02-23,13:27,2015-02-23,14:30,1:03,1.05,,,,
EmBio,misc,,2015-02-23,14:51,2015-02-23,14:59,0:08,0.13333333333333333,,,,
EmBio,meeting,,2015-02-23,15:30,2015-02-23,18:22,2:52,2.8666666666666667,,,,
TA,hw4,,2015-02-23,19:13,2015-02-23,20:31,1:18,1.3,,,,
general,planning,,2015-02-24,06:42,2015-02-24,06:50,0:08,0.13333333333333333,,,,
general,writing,,2015-02-24,06:50,2015-02-24,07:00,0:10,0.16666666666666666,,,,
meta,campustime,,2015-02-24,07:41,2015-02-24,16:41,9:00,9.0,,,,
general,email,,2015-02-24,07:45,2015-02-24,07:49,0:04,0.06666666666666667,,,,
TA,hw4,,2015-02-24,08:12,2015-02-24,09:00,0:48,0.8,,,,
TA,misc,,2015-02-24,09:05,2015-02-24,09:36,0:31,0.5166666666666667,,,,
TA,misc,,2015-02-24,09:44,2015-02-24,09:55,0:11,0.18333333333333332,,,,
TA,class,,2015-02-24,09:59,2015-02-24,12:14,2:15,2.25,,,,
personal,eating,,2015-02-24,12:30,2015-02-24,12:53,0:23,0.38333333333333336,,,,
TA,class,,2015-02-24,13:12,2015-02-24,13:55,0:43,0.7166666666666667,,,,
TA,hw4,,2015-02-24,14:02,2015-02-24,14:10,0:08,0.13333333333333333,,,,
MtHap,misc,,2015-02-24,14:10,2015-02-24,14:20,0:10,0.16666666666666666,,,,
TA,misc,,2015-02-24,14:20,2015-02-24,14:29,0:09,0.15,,,,
TA,hw4,,2015-02-24,14:39,2015-02-24,15:20,0:41,0.6833333333333333,,,,
seminar,research seminar,,2015-02-24,15:30,2015-02-24,16:35,1:05,1.0833333333333333,,,,
personal,lifting,,2015-02-24,16:47,2015-02-24,18:01,1:14,1.2333333333333334,,,,
ResMutLA,reading,,2015-02-24,20:18,2015-02-24,21:00,0:42,0.7,,,,
ResMutLA,reading,,2015-02-24,21:05,2015-02-24,21:20,0:15,0.25,,,,
general,planning,,2015-02-25,06:20,2015-02-25,06:40,0:20,0.3333333333333333,,,,
general,writing,,2015-02-25,06:40,2015-02-25,07:02,0:22,0.36666666666666664,,,,
meta,campustime,,2015-02-25,07:39,2015-02-25,17:05,9:26,9.433333333333334,,,,
ResMutLA,reading,,2015-02-25,08:18,2015-02-25,08:46,0:28,0.4666666666666667,,,,
ResMutLA,meeting,,2015-02-25,08:54,2015-02-25,09:58,1:04,1.0666666666666667,,,,
TA,hw4,,2015-02-25,10:02,2015-02-25,10:27,0:25,0.4166666666666667,,,,
general,email,,2015-02-25,10:27,2015-02-25,10:34,0:07,0.11666666666666667,,,,
TA,hw4,,2015-02-25,10:34,2015-02-25,11:08,0:34,0.5666666666666667,,,,
TA,hw4,,2015-02-25,11:11,2015-02-25,11:18,0:07,0.11666666666666667,,,,
TA,grading,,2015-02-25,11:18,2015-02-25,11:36,0:18,0.3,,,,
personal,eating,,2015-02-25,11:37,2015-02-25,11:53,0:16,0.26666666666666666,,,,
TA,grading,,2015-02-25,12:10,2015-02-25,12:53,0:43,0.7166666666666667,,,,
TA,hw4,,2015-02-25,13:00,2015-02-25,13:19,0:19,0.31666666666666665,,,,
TA,grading,,2015-02-25,13:19,2015-02-25,13:24,0:05,0.08333333333333333,,,,
BA-LA MA,meeting,,2015-02-25,13:30,2015-02-25,14:33,1:03,1.05,,,,
TA,grading,,2015-02-25,14:44,2015-02-25,14:55,0:11,0.18333333333333332,,,,
TA,misc,,2015-02-25,15:11,2015-02-25,16:32,1:21,1.35,,,,
TA,hw4,,2015-02-25,19:34,2015-02-25,20:59,1:25,1.4166666666666667,,,,
TA,hw4,,2015-02-25,21:40,2015-02-25,21:53,0:13,0.21666666666666667,,,,
general,planning,,2015-02-25,21:54,2015-02-25,22:00,0:06,0.1,,,,
TA,hw5,,2015-02-25,22:00,2015-02-25,22:06,0:06,0.1,,,,
general,planning,,2015-02-26,06:29,2015-02-26,06:35,0:06,0.1,,,,
meta,campustime,,2015-02-26,07:34,2015-02-26,18:06,10:32,10.533333333333333,,,,
TA,grading,,2015-02-26,07:56,2015-02-26,08:53,0:57,0.95,,,,
TA,misc,,2015-02-26,08:55,2015-02-26,09:01,0:06,0.1,,,,
TA,grading,,2015-02-26,09:04,2015-02-26,09:09,0:05,0.08333333333333333,,,,
general,email,,2015-02-26,09:09,2015-02-26,09:12,0:03,0.05,,,,
TA,grading,,2015-02-26,09:12,2015-02-26,09:44,0:32,0.5333333333333333,,,,
TA,hw5,,2015-02-26,09:58,2015-02-26,10:10,0:12,0.2,,,,
TA,class,,2015-02-26,10:10,2015-02-26,11:47,1:37,1.6166666666666667,,,,
TA,class,,2015-02-26,11:47,2015-02-26,11:50,0:03,0.05,,,,
general,misc,,2015-02-26,12:05,2015-02-26,13:10,1:05,1.0833333333333333,,,,
general,misc,,2015-02-26,13:18,2015-02-26,13:30,0:12,0.2,,,,
TA,grading,,2015-02-26,13:38,2015-02-26,13:50,0:12,0.2,,,,
MtHap,misc,,2015-02-26,13:52,2015-02-26,14:22,0:30,0.5,,,,
TA,grading,,2015-02-26,14:22,2015-02-26,14:58,0:36,0.6,,,,
TA,grading,,2015-02-26,15:05,2015-02-26,15:37,0:32,0.5333333333333333,,,,
TA,grading,,2015-02-26,15:39,2015-02-26,16:09,0:30,0.5,,,,
TA,misc,,2015-02-26,16:16,2015-02-26,16:27,0:11,0.18333333333333332,,,,
TA,grading,,2015-02-26,16:31,2015-02-26,17:24,0:53,0.8833333333333333,,,,
personal,eating,,2015-02-26,17:34,2015-02-26,17:47,0:13,0.21666666666666667,,,,
general,email,,2015-02-26,17:47,2015-02-26,17:49,0:02,0.03333333333333333,,,,
TA,misc,,2015-02-26,17:49,2015-02-26,17:54,0:05,0.08333333333333333,,,,
general,planning,,2015-02-27,06:38,2015-02-27,06:46,0:08,0.13333333333333333,,,,
meta,campustime,,2015-02-27,07:55,2015-02-27,08:37,0:42,0.7,,,,
general,email,,2015-02-27,08:01,2015-02-27,08:03,0:02,0.03333333333333333,,,,
general,misc,,2015-02-27,08:14,2015-02-27,08:16,0:02,0.03333333333333333,,,,
NManip,misc,,2015-02-27,08:16,2015-02-27,08:21,0:05,0.08333333333333333,thesis,,,
NManip,misc,,2015-02-27,08:22,2015-02-27,08:36,0:14,0.23333333333333334,thesis,,,
RhizPop,reading,,2015-02-27,08:46,2015-02-27,08:56,0:10,0.16666666666666666,thesis,,,
RhizPop,reading,,2015-02-27,09:24,2015-02-27,09:34,0:10,0.16666666666666666,thesis,,,
RhizPop,reading,,2015-02-27,09:49,2015-02-27,09:56,0:07,0.11666666666666667,thesis,,,
NManip,misc,,2015-02-27,10:01,2015-02-27,10:25,0:24,0.4,thesis,,,
meta,campustime,,2015-02-27,10:01,2015-02-27,16:16,6:15,6.25,,,,
general,email,,2015-02-27,10:49,2015-02-27,10:50,0:01,0.016666666666666666,,,,
general,misc,,2015-02-27,10:50,2015-02-27,10:59,0:09,0.15,,,,
NManip,misc,,2015-02-27,11:05,2015-02-27,11:30,0:25,0.4166666666666667,thesis,,,
personal,eating,,2015-02-27,11:54,2015-02-27,12:10,0:16,0.26666666666666666,,,,
NManip,meeting,,2015-02-27,12:12,2015-02-27,12:57,0:45,0.75,thesis,,,
general,planning,,2015-02-27,13:01,2015-02-27,13:03,0:02,0.03333333333333333,,,,
RhizPop,lab work,,2015-02-27,13:08,2015-02-27,14:03,0:55,0.9166666666666666,thesis,,,
NManip,misc,,2015-02-27,14:05,2015-02-27,14:23,0:18,0.3,thesis,,,
RhizPop,lab work,,2015-02-27,14:33,2015-02-27,14:51,0:18,0.3,thesis,,,
general,email,,2015-02-27,14:53,2015-02-27,15:00,0:07,0.11666666666666667,,,,
general,meeting,tiffinlab,2015-02-27,15:02,2015-02-27,16:03,1:01,1.0166666666666666,,,,
TA,misc,,2015-02-27,16:09,2015-02-27,16:12,0:03,0.05,,,,
personal,lifting,,2015-02-27,16:35,2015-02-27,17:30,0:55,0.9166666666666666,,,,
personal,lifting,,2015-03-01,16:33,2015-03-01,18:13,1:40,1.6666666666666667,,,,
general,planning,,2015-03-02,07:02,2015-03-02,07:07,0:05,0.08333333333333333,,,,
meta,campustime,,2015-03-02,07:57,2015-03-02,17:33,9:36,9.6,,,,
RhizPop,lab work,,2015-03-02,08:17,2015-03-02,09:05,0:48,0.8,thesis,,,
general,email,,2015-03-02,09:13,2015-03-02,09:26,0:13,0.21666666666666667,,,,
NManip,misc,,2015-03-02,09:35,2015-03-02,10:23,0:48,0.8,thesis,,,
general,misc,,2015-03-02,10:25,2015-03-02,10:41,0:16,0.26666666666666666,,,,
general,reading,,2015-03-02,10:47,2015-03-02,11:22,0:35,0.5833333333333334,,,,
personal,eating,,2015-03-02,11:45,2015-03-02,12:02,0:17,0.2833333333333333,,,,
TA,hw5,,2015-03-02,12:11,2015-03-02,12:45,0:34,0.5666666666666667,,,,
TA,hw6,,2015-03-02,12:46,2015-03-02,13:05,0:19,0.31666666666666665,,,,
general,planning,,2015-03-02,13:05,2015-03-02,13:14,0:09,0.15,,,,
general,meeting,comgen,2015-03-02,13:29,2015-03-02,14:30,1:01,1.0166666666666666,,,,
TA,grading,,2015-03-02,15:14,2015-03-02,16:04,0:50,0.8333333333333334,,,,
TA,grading,,2015-03-02,15:14,2015-03-02,16:05,0:51,0.85,,,,
TA,grading,,2015-03-02,16:07,2015-03-02,16:52,0:45,0.75,,,,
personal,eating,,2015-03-02,16:57,2015-03-02,17:12,0:15,0.25,,,,
personal,lifting,,2015-03-03,07:08,2015-03-03,08:19,1:11,1.1833333333333333,,,,
meta,campustime,,2015-03-03,08:23,2015-03-03,18:05,9:42,9.7,,,,
general,email,,2015-03-03,08:56,2015-03-03,09:04,0:08,0.13333333333333333,,,,
general,planning,,2015-03-03,09:18,2015-03-03,09:23,0:05,0.08333333333333333,,,,
TA,hw6,,2015-03-03,09:25,2015-03-03,09:32,0:07,0.11666666666666667,,,,
personal,eating,,2015-03-03,09:32,2015-03-03,09:35,0:03,0.05,,,,
TA,hw6,,2015-03-03,09:35,2015-03-03,09:55,0:20,0.3333333333333333,,,,
TA,class,,2015-03-03,10:00,2015-03-03,11:43,1:43,1.7166666666666666,,,,
personal,eating,,2015-03-03,11:51,2015-03-03,11:59,0:08,0.13333333333333333,,,,
general,misc,,2015-03-03,12:04,2015-03-03,13:01,0:57,0.95,,,,
TA,class,,2015-03-03,13:04,2015-03-03,13:50,0:46,0.7666666666666667,,,,
TA,misc,,2015-03-03,14:32,2015-03-03,14:53,0:21,0.35,,,,
TA,hw5,,2015-03-03,14:53,2015-03-03,15:17,0:24,0.4,,,,
seminar,research seminar,,2015-03-03,15:33,2015-03-03,16:35,1:02,1.0333333333333334,,,,
TA,hw5,,2015-03-03,16:49,2015-03-03,18:01,1:12,1.2,,,,
meta,campustime,,2015-03-04,07:38,2015-03-04,13:58,6:20,6.333333333333333,,,,
general,planning,,2015-03-04,07:45,2015-03-04,07:53,0:08,0.13333333333333333,,,,
general,email,,2015-03-04,08:27,2015-03-04,08:32,0:05,0.08333333333333333,,,,
NManip,misc,,2015-03-04,08:34,2015-03-04,08:48,0:14,0.23333333333333334,thesis,,,
NManip,misc,,2015-03-04,08:56,2015-03-04,08:57,0:01,0.016666666666666666,thesis,,,
NManip,misc,,2015-03-04,08:58,2015-03-04,09:14,0:16,0.26666666666666666,thesis,,,
NManip,lab work,,2015-03-04,09:17,2015-03-04,10:03,0:46,0.7666666666666667,thesis,,,
ResMutLA,reading,,2015-03-04,10:15,2015-03-04,11:14,0:59,0.9833333333333333,,,,
personal,eating,,2015-03-04,11:41,2015-03-04,11:53,0:12,0.2,,,,
ResMutLA,meeting,,2015-03-04,12:13,2015-03-04,13:00,0:47,0.7833333333333333,,,,
ResMutLA,meeting,,2015-03-04,13:00,2015-03-04,13:02,0:02,0.03333333333333333,,,,
general,email,,2015-03-04,13:43,2015-03-04,13:45,0:02,0.03333333333333333,,,,
general,writing,,2015-03-05,06:17,2015-03-05,06:51,0:34,0.5666666666666667,,,,
meta,campustime,,2015-03-05,07:54,2015-03-05,17:19,9:25,9.416666666666666,,,,
general,planning,,2015-03-05,08:24,2015-03-05,08:31,0:07,0.11666666666666667,,,,
general,email,,2015-03-05,08:31,2015-03-05,08:37,0:06,0.1,,,,
TA,grading,,2015-03-05,08:45,2015-03-05,08:57,0:12,0.2,,,,
TA,hw6,,2015-03-05,08:58,2015-03-05,09:53,0:55,0.9166666666666666,,,,
TA,class,,2015-03-05,10:01,2015-03-05,12:02,2:01,2.0166666666666666,,,,
general,email,,2015-03-05,14:06,2015-03-05,14:12,0:06,0.1,,,,
TA,misc,,2015-03-05,14:45,2015-03-05,14:49,0:04,0.06666666666666667,,,,
TA,misc,,2015-03-05,14:52,2015-03-05,15:47,0:55,0.9166666666666666,,,,
seminar,evolTWIN,,2015-03-05,15:59,2015-03-05,17:01,1:02,1.0333333333333334,,,,
TA,misc,,2015-03-05,17:03,2015-03-05,17:12,0:09,0.15,,,,
NManip,misc,,2015-03-06,07:35,2015-03-06,07:55,0:20,0.3333333333333333,thesis,,,
meta,campustime,,2015-03-06,07:35,2015-03-06,15:37,8:02,8.033333333333333,,,,
TA,misc,,2015-03-06,07:58,2015-03-06,08:16,0:18,0.3,,,,
NManip,misc,,2015-03-06,08:36,2015-03-06,08:39,0:03,0.05,thesis,,,
general,planning,,2015-03-06,08:41,2015-03-06,08:46,0:05,0.08333333333333333,,,,
NManip,misc,,2015-03-06,08:48,2015-03-06,09:38,0:50,0.8333333333333334,thesis,,,
NManip,misc,,2015-03-06,09:40,2015-03-06,09:50,0:10,0.16666666666666666,thesis,,,
seminar,does0compute,,2015-03-06,09:59,2015-03-06,11:30,1:31,1.5166666666666666,,,,
personal,eating,,2015-03-06,11:55,2015-03-06,12:10,0:15,0.25,,,,
NManip,meeting,,2015-03-06,12:12,2015-03-06,12:59,0:47,0.7833333333333333,thesis,,,
RhizPop,meeting,,2015-03-06,12:59,2015-03-06,13:25,0:26,0.43333333333333335,thesis,,,
general,misc,,2015-03-06,13:41,2015-03-06,14:06,0:25,0.4166666666666667,,,,
RhizPop,misc,,2015-03-06,14:31,2015-03-06,14:37,0:06,0.1,thesis,,,
RhizPop,misc,,2015-03-06,14:42,2015-03-06,15:22,0:40,0.6666666666666666,thesis,,,
personal,lifting,,2015-03-06,15:45,2015-03-06,17:03,1:18,1.3,,,,
TA,hw5,,2015-03-06,21:07,2015-03-06,21:14,0:07,0.11666666666666667,,,,
meta,campustime,,2015-03-08,10:20,2015-03-08,12:30,2:10,2.1666666666666665,,,,
general,email,,2015-03-08,11:56,2015-03-08,12:12,0:16,0.26666666666666666,,,,
general,planning,,2015-03-08,12:12,2015-03-08,12:22,0:10,0.16666666666666666,,,,
personal,lifting,,2015-03-08,12:43,2015-03-08,14:16,1:33,1.55,,,,
general,planning,,2015-03-09,06:35,2015-03-09,06:45,0:10,0.16666666666666666,,,,
general,writing,,2015-03-09,06:45,2015-03-09,07:06,0:21,0.35,,,,
meta,campustime,,2015-03-09,07:48,2015-03-09,18:15,10:27,10.45,,,,
general,planning,,2015-03-09,08:05,2015-03-09,08:11,0:06,0.1,,,,
RhizPop,misc,,2015-03-09,08:20,2015-03-09,10:29,2:09,2.15,thesis,,,
RhizPop,misc,,2015-03-09,10:34,2015-03-09,10:41,0:07,0.11666666666666667,thesis,,,
general,misc,,2015-03-09,10:41,2015-03-09,10:58,0:17,0.2833333333333333,,,,
TA,hw5,,2015-03-09,11:04,2015-03-09,11:24,0:20,0.3333333333333333,,,,
personal,eating,,2015-03-09,11:35,2015-03-09,11:55,0:20,0.3333333333333333,,,,
TA,hw5,,2015-03-09,12:08,2015-03-09,12:09,0:01,0.016666666666666666,,,,
TA,class,,2015-03-09,12:09,2015-03-09,12:13,0:04,0.06666666666666667,,,,
TA,hw5,,2015-03-09,12:13,2015-03-09,12:35,0:22,0.36666666666666664,,,,
TA,class,,2015-03-09,12:35,2015-03-09,13:29,0:54,0.9,,,,
TA,hw5,,2015-03-09,13:37,2015-03-09,13:50,0:13,0.21666666666666667,,,,
TA,misc,,2015-03-09,13:50,2015-03-09,13:52,0:02,0.03333333333333333,,,,
TA,hw5,,2015-03-09,13:53,2015-03-09,14:12,0:19,0.31666666666666665,,,,
RhizPop,misc,,2015-03-09,14:14,2015-03-09,14:48,0:34,0.5666666666666667,thesis,,,
RhizPop,misc,,2015-03-09,14:51,2015-03-09,15:18,0:27,0.45,thesis,,,
EmBio,meeting,,2015-03-09,15:30,2015-03-09,18:13,2:43,2.716666666666667,,,,
general,planning,,2015-03-10,06:12,2015-03-10,06:16,0:04,0.06666666666666667,,,,
RhizPop,misc,,2015-03-10,06:16,2015-03-10,06:49,0:33,0.55,thesis,,,
meta,campustime,,2015-03-10,07:39,2015-03-10,20:02,12:23,12.383333333333333,,,,
TA,midterm_takehome,,2015-03-10,08:05,2015-03-10,09:07,1:02,1.0333333333333334,,,,
TA,midterm_takehome,,2015-03-10,09:12,2015-03-10,09:27,0:15,0.25,,,,
TA,misc,,2015-03-10,09:27,2015-03-10,09:46,0:19,0.31666666666666665,,,,
general,email,,2015-03-10,09:48,2015-03-10,09:56,0:08,0.13333333333333333,,,,
TA,class,,2015-03-10,09:59,2015-03-10,10:47,0:48,0.8,,,,
TA,midterm_takehome,,2015-03-10,10:47,2015-03-10,11:31,0:44,0.7333333333333333,,,,
TA,class,,2015-03-10,11:31,2015-03-10,11:34,0:03,0.05,,,,
personal,eating,,2015-03-10,11:50,2015-03-10,12:19,0:29,0.48333333333333334,,,,
TA,grading,,2015-03-10,12:50,2015-03-10,16:11,3:21,3.35,,,,
TA,grading,,2015-03-10,16:14,2015-03-10,18:16,2:02,2.033333333333333,,,,
general,planning,,2015-03-10,18:27,2015-03-10,18:35,0:08,0.13333333333333333,,,,
personal,meditate,,2015-03-10,18:36,2015-03-10,18:46,0:10,0.16666666666666666,,,,
general,planning,,2015-03-10,18:53,2015-03-10,18:55,0:02,0.03333333333333333,,,,
RhizPop,misc,,2015-03-10,19:08,2015-03-10,20:00,0:52,0.8666666666666667,thesis,,,
meta,campustime,,2015-03-11,07:29,2015-03-11,16:59,9:30,9.5,,,,
general,planning,,2015-03-11,08:03,2015-03-11,08:10,0:07,0.11666666666666667,,,,
TA,grading,,2015-03-11,08:39,2015-03-11,09:52,1:13,1.2166666666666666,,,,
TA,grading,,2015-03-11,10:03,2015-03-11,11:15,1:12,1.2,,,,
personal,eating,,2015-03-11,11:28,2015-03-11,11:49,0:21,0.35,,,,
service,SciOly,,2015-03-11,11:53,2015-03-11,11:55,0:02,0.03333333333333333,,,,
ResMutLA,meeting,,2015-03-11,12:03,2015-03-11,12:52,0:49,0.8166666666666667,,,,
RhizPop,misc,,2015-03-11,13:10,2015-03-11,13:23,0:13,0.21666666666666667,thesis,,,
BA-LA MA,meeting,,2015-03-11,13:29,2015-03-11,14:37,1:08,1.1333333333333333,,,,
TA,grading,,2015-03-11,14:47,2015-03-11,15:38,0:51,0.85,,,,
TA,grading,,2015-03-11,15:44,2015-03-11,16:40,0:56,0.9333333333333333,,,,
personal,lifting,,2015-03-11,17:13,2015-03-11,18:45,1:32,1.5333333333333334,,,,
TA,grading,,2015-03-11,20:34,2015-03-11,21:27,0:53,0.8833333333333333,,,,
TA,grading,,2015-03-11,21:30,2015-03-11,22:49,1:19,1.3166666666666667,,,,
meta,campustime,,2015-03-12,07:53,2015-03-12,16:41,8:48,8.8,,,,
TA,grading,,2015-03-12,08:21,2015-03-12,09:26,1:05,1.0833333333333333,,,,
TA,grading,,2015-03-12,09:28,2015-03-12,10:02,0:34,0.5666666666666667,,,,
TA,class,,2015-03-12,10:08,2015-03-12,11:39,1:31,1.5166666666666666,,,,
personal,eating,,2015-03-12,12:04,2015-03-12,12:24,0:20,0.3333333333333333,,,,
general,misc,,2015-03-12,12:59,2015-03-12,13:52,0:53,0.8833333333333333,,,,
general,email,,2015-03-12,14:03,2015-03-12,14:12,0:09,0.15,,,,
TA,grading,,2015-03-12,14:13,2015-03-12,15:40,1:27,1.45,,,,
TA,grading,,2015-03-12,15:45,2015-03-12,15:54,0:09,0.15,,,,
service,SciOly,,2015-03-12,15:54,2015-03-12,15:56,0:02,0.03333333333333333,,,,
service,SciOly,,2015-03-12,15:56,2015-03-12,16:21,0:25,0.4166666666666667,,,,
meta,campustime,,2015-03-13,07:39,2015-03-13,17:12,9:33,9.55,,,,
general,planning,,2015-03-13,08:19,2015-03-13,08:30,0:11,0.18333333333333332,,,,
TA,grading,,2015-03-13,08:30,2015-03-13,08:45,0:15,0.25,,,,
TA,grading,,2015-03-13,08:51,2015-03-13,09:47,0:56,0.9333333333333333,,,,
TA,grading,,2015-03-13,09:54,2015-03-13,10:39,0:45,0.75,,,,
TA,grading,,2015-03-13,10:41,2015-03-13,11:16,0:35,0.5833333333333334,,,,
general,email,,2015-03-13,11:16,2015-03-13,11:22,0:06,0.1,,,,
TA,misc,,2015-03-13,11:27,2015-03-13,11:29,0:02,0.03333333333333333,,,,
personal,eating,,2015-03-13,11:49,2015-03-13,12:28,0:39,0.65,,,,
TA,grading,,2015-03-13,12:47,2015-03-13,13:38,0:51,0.85,,,,
TA,grading,,2015-03-13,13:49,2015-03-13,14:05,0:16,0.26666666666666666,,,,
general,email,,2015-03-13,14:05,2015-03-13,14:09,0:04,0.06666666666666667,,,,
general,misc,,2015-03-13,14:20,2015-03-13,14:31,0:11,0.18333333333333332,,,,
service,SciOly,,2015-03-13,14:36,2015-03-13,17:11,2:35,2.5833333333333335,,,,
personal,lifting,,2015-03-13,17:23,2015-03-13,18:27,1:04,1.0666666666666667,,,,
service,SciOly,,2015-03-14,07:00,2015-03-14,13:21,6:21,6.35,,,,
general,email,,2015-03-14,18:26,2015-03-14,18:29,0:03,0.05,,,,
TA,grading,,2015-03-14,18:29,2015-03-14,18:32,0:03,0.05,,,,
TA,grading,,2015-03-14,18:33,2015-03-14,18:36,0:03,0.05,,,,
TA,grading,,2015-03-14,18:38,2015-03-14,18:52,0:14,0.23333333333333334,,,,
TA,grading,,2015-03-14,19:02,2015-03-14,19:44,0:42,0.7,,,,
TA,grading,,2015-03-14,20:02,2015-03-14,20:57,0:55,0.9166666666666666,,,,
TA,grading,,2015-03-14,21:01,2015-03-14,21:42,0:41,0.6833333333333333,,,,
TA,misc,,2015-03-14,21:44,2015-03-14,21:46,0:02,0.03333333333333333,,,,
TA,misc,,2015-03-15,06:54,2015-03-15,07:39,0:45,0.75,,,,
TA,misc,,2015-03-15,07:52,2015-03-15,08:42,0:50,0.8333333333333334,,,,
general,planning,,2015-03-15,08:42,2015-03-15,08:59,0:17,0.2833333333333333,,,,
meta,campustime,,2015-03-26,07:26,2015-03-26,18:09,10:43,10.716666666666667,,,,
general,email,,2015-03-26,07:42,2015-03-26,08:32,0:50,0.8333333333333334,,,,
TA,misc,,2015-03-26,09:13,2015-03-26,09:33,0:20,0.3333333333333333,,,,
TA,misc,,2015-03-26,09:38,2015-03-26,09:57,0:19,0.31666666666666665,,,,
TA,class,,2015-03-26,10:02,2015-03-26,11:30,1:28,1.4666666666666666,,,,
personal,eating,,2015-03-26,12:22,2015-03-26,12:32,0:10,0.16666666666666666,,,,
funding,PBS Summer Fellowship,,2015-03-26,13:12,2015-03-26,13:16,0:04,0.06666666666666667,,,,
general,planning,,2015-03-26,13:28,2015-03-26,14:06,0:38,0.6333333333333333,,,,
general,misc,,2015-03-26,14:06,2015-03-26,15:11,1:05,1.0833333333333333,,,,
general,email,,2015-03-26,15:48,2015-03-26,15:50,0:02,0.03333333333333333,,,,
general,email,,2015-03-26,15:51,2015-03-26,15:54,0:03,0.05,,,,
seminar,evolTWIN,,2015-03-26,15:57,2015-03-26,17:01,1:04,1.0666666666666667,,,,
personal,eating,,2015-03-26,17:11,2015-03-26,17:22,0:11,0.18333333333333332,,,,
TA,misc,,2015-03-26,17:24,2015-03-26,17:49,0:25,0.4166666666666667,,,,
general,email,,2015-03-26,17:49,2015-03-26,17:59,0:10,0.16666666666666666,,,,
meta,campustime,,2015-03-27,07:39,2015-03-27,16:44,9:05,9.083333333333334,,,,
general,writing,,2015-03-27,08:19,2015-03-27,08:41,0:22,0.36666666666666664,,,,
general,email,,2015-03-27,08:41,2015-03-27,08:48,0:07,0.11666666666666667,,,,
NManip,lab work,,2015-03-27,08:50,2015-03-27,09:17,0:27,0.45,thesis,,,
NManip,lab work,,2015-03-27,09:19,2015-03-27,09:57,0:38,0.6333333333333333,thesis,,,
NManip,misc,,2015-03-27,10:00,2015-03-27,10:51,0:51,0.85,thesis,,,
NManip,lab work,,2015-03-27,10:57,2015-03-27,11:04,0:07,0.11666666666666667,thesis,,,
NManip,lab work,,2015-03-27,11:26,2015-03-27,11:31,0:05,0.08333333333333333,thesis,,,
personal,eating,,2015-03-27,11:52,2015-03-27,12:05,0:13,0.21666666666666667,,,,
general,planning,,2015-03-27,12:10,2015-03-27,12:16,0:06,0.1,,,,
general,meeting,,2015-03-27,12:16,2015-03-27,13:04,0:48,0.8,,,,
MtHap,misc,,2015-03-27,13:05,2015-03-27,13:33,0:28,0.4666666666666667,,,,
MtHap,misc,,2015-03-27,13:36,2015-03-27,14:12,0:36,0.6,,,,
general,reading,,2015-03-27,14:13,2015-03-27,14:32,0:19,0.31666666666666665,,,,
general,meeting,tiffinlab,2015-03-27,15:04,2015-03-27,16:14,1:10,1.1666666666666667,,,,
TA,misc,,2015-03-27,16:21,2015-03-27,16:42,0:21,0.35,,,,
general,planning,,2015-03-27,16:42,2015-03-27,16:43,0:01,0.016666666666666666,,,,
personal,lifting,,2015-03-27,17:10,2015-03-27,18:34,1:24,1.4,,,,
meta,campustime,,2015-03-27,18:43,2015-03-27,19:40,0:57,0.95,,,,
general,email,,2015-03-27,18:45,2015-03-27,18:53,0:08,0.13333333333333333,,,,
personal,eating,,2015-03-27,19:03,2015-03-27,19:19,0:16,0.26666666666666666,,,,
general,email,,2015-03-28,10:14,2015-03-28,10:21,0:07,0.11666666666666667,,,,
general,misc,Benning prelim,2015-03-28,10:21,2015-03-28,12:29,2:08,2.1333333333333333,,,,
TA,misc,,2015-03-28,16:19,2015-03-28,17:01,0:42,0.7,,,,
general,misc,Guhlin prelim,2015-03-28,17:21,2015-03-28,18:19,0:58,0.9666666666666667,,,,
general,misc,Guhlin prelim,2015-03-28,18:21,2015-03-28,18:55,0:34,0.5666666666666667,,,,
general,email,,2015-03-29,09:06,2015-03-29,09:09,0:03,0.05,,,,
TA,misc,,2015-03-29,09:09,2015-03-29,10:05,0:56,0.9333333333333333,,,,
TA,misc,,2015-03-29,11:07,2015-03-29,11:12,0:05,0.08333333333333333,,,,
general,misc,,2015-03-29,11:15,2015-03-29,11:33,0:18,0.3,,,,
general,misc,,2015-03-29,12:06,2015-03-29,12:22,0:16,0.26666666666666666,,,,
funding,PBS Summer Fellowship,,2015-03-29,12:23,2015-03-29,12:45,0:22,0.36666666666666664,,,,
meta,campustime,,2015-03-29,14:10,2015-03-29,16:58,2:48,2.8,,,,
NManip,lab work,,2015-03-29,14:11,2015-03-29,15:46,1:35,1.5833333333333333,thesis,,,
TA,misc,,2015-03-29,15:50,2015-03-29,15:52,0:02,0.03333333333333333,,,,
personal,lifting,,2015-03-29,17:06,2015-03-29,18:37,1:31,1.5166666666666666,,,,
general,email,,2015-03-29,20:36,2015-03-29,20:39,0:03,0.05,,,,
TA,hw7,,2015-03-29,21:06,2015-03-29,21:18,0:12,0.2,,,,
meta,campustime,,2015-03-30,09:41,2015-03-30,17:10,7:29,7.483333333333333,,,,
general,email,,2015-03-30,10:08,2015-03-30,10:10,0:02,0.03333333333333333,,,,
general,misc,,2015-03-30,10:11,2015-03-30,10:52,0:41,0.6833333333333333,,,,
general,misc,,2015-03-30,11:20,2015-03-30,11:25,0:05,0.08333333333333333,,,,
funding,PBS Summer Fellowship,,2015-03-30,11:25,2015-03-30,11:42,0:17,0.2833333333333333,,,,
general,reading,,2015-03-30,11:43,2015-03-30,11:50,0:07,0.11666666666666667,,,,
general,misc,phytograds meeting,2015-03-30,12:00,2015-03-30,13:24,1:24,1.4,,,,
TA,class,,2015-03-30,13:32,2015-03-30,14:03,0:31,0.5166666666666667,,,,
general,misc,,2015-03-30,14:07,2015-03-30,14:24,0:17,0.2833333333333333,,,,
general,reading,,2015-03-30,14:28,2015-03-30,14:40,0:12,0.2,,,,
general,misc,,2015-03-30,14:52,2015-03-30,14:55,0:03,0.05,,,,
general,meeting,,2015-03-30,15:00,2015-03-30,15:57,0:57,0.95,,,,
general,meeting,,2015-03-30,16:02,2015-03-30,16:57,0:55,0.9166666666666666,,,,
general,misc,,2015-03-30,16:57,2015-03-30,17:03,0:06,0.1,,,,
funding,PBS Summer Fellowship,,2015-03-30,19:09,2015-03-30,19:18,0:09,0.15,,,,
meta,campustime,,2015-03-31,07:32,2015-03-31,16:39,9:07,9.116666666666667,,,,
general,misc,,2015-03-31,07:40,2015-03-31,07:44,0:04,0.06666666666666667,,,,
general,email,,2015-03-31,07:44,2015-03-31,07:54,0:10,0.16666666666666666,,,,
NManip,misc,,2015-03-31,08:09,2015-03-31,08:25,0:16,0.26666666666666666,thesis,,,
TA,hw7,,2015-03-31,08:49,2015-03-31,08:57,0:08,0.13333333333333333,,,,
TA,misc,,2015-03-31,08:57,2015-03-31,09:25,0:28,0.4666666666666667,,,,
TA,hw7,,2015-03-31,09:25,2015-03-31,09:40,0:15,0.25,,,,
TA,hw7,,2015-03-31,09:44,2015-03-31,09:56,0:12,0.2,,,,
TA,class,,2015-03-31,10:00,2015-03-31,11:35,1:35,1.5833333333333333,,,,
personal,eating,,2015-03-31,11:56,2015-03-31,12:11,0:15,0.25,,,,
TA,hw7,,2015-03-31,12:53,2015-03-31,12:55,0:02,0.03333333333333333,,,,
TA,class,,2015-03-31,12:55,2015-03-31,14:05,1:10,1.1666666666666667,,,,
NManip,lab work,,2015-03-31,14:15,2015-03-31,15:13,0:58,0.9666666666666667,thesis,,,
seminar,research seminar,,2015-03-31,15:30,2015-03-31,16:36,1:06,1.1,,,,
personal,lifting,,2015-03-31,16:49,2015-03-31,17:58,1:09,1.15,,,,
meta,campustime,,2015-04-01,07:42,2015-04-01,16:05,8:23,8.383333333333333,,,,
RhizPop,lab work,,2015-04-01,07:54,2015-04-01,09:10,1:16,1.2666666666666666,thesis,,,
general,email,,2015-04-01,09:10,2015-04-01,09:22,0:12,0.2,,,,
general,misc,,2015-04-01,09:26,2015-04-01,09:31,0:05,0.08333333333333333,,,,
RhizPop,lab work,,2015-04-01,09:36,2015-04-01,11:53,2:17,2.283333333333333,thesis,,,
general,email,,2015-04-01,11:54,2015-04-01,11:59,0:05,0.08333333333333333,,,,
personal,eating,,2015-04-01,12:02,2015-04-01,12:06,0:04,0.06666666666666667,,,,
general,meeting,,2015-04-01,12:12,2015-04-01,12:28,0:16,0.26666666666666666,,,,
general,email,,2015-04-01,12:30,2015-04-01,12:33,0:03,0.05,,,,
RhizPop,lab work,,2015-04-01,12:58,2015-04-01,13:03,0:05,0.08333333333333333,thesis,,,
ResMutLA,misc,,2015-04-01,13:05,2015-04-01,13:09,0:04,0.06666666666666667,,,,
RhizPop,lab work,,2015-04-01,13:09,2015-04-01,13:46,0:37,0.6166666666666667,thesis,,,
general,misc,,2015-04-01,14:08,2015-04-01,14:23,0:15,0.25,,,,
RhizPop,lab work,,2015-04-01,14:29,2015-04-01,15:25,0:56,0.9333333333333333,thesis,,,
general,email,,2015-04-01,15:25,2015-04-01,15:27,0:02,0.03333333333333333,,,,
general,meeting,,2015-04-01,15:27,2015-04-01,15:33,0:06,0.1,,,,
general,email,,2015-04-01,15:35,2015-04-01,15:40,0:05,0.08333333333333333,,,,
PopBen,misc,,2015-04-01,20:37,2015-04-01,21:29,0:52,0.8666666666666667,thesis,,,
meta,campustime,,2015-04-02,07:39,2015-04-02,17:01,9:22,9.366666666666667,,,,
general,email,,2015-04-02,07:44,2015-04-02,07:49,0:05,0.08333333333333333,,,,
NManip,misc,,2015-04-02,08:03,2015-04-02,08:50,0:47,0.7833333333333333,thesis,,,
TA,hw7,,2015-04-02,09:00,2015-04-02,09:56,0:56,0.9333333333333333,,,,
TA,class,,2015-04-02,10:05,2015-04-02,11:50,1:45,1.75,,,,
personal,eating,,2015-04-02,12:15,2015-04-02,12:25,0:10,0.16666666666666666,,,,
general,email,,2015-04-02,12:25,2015-04-02,12:35,0:10,0.16666666666666666,,,,
NManip,lab work,,2015-04-02,12:57,2015-04-02,13:07,0:10,0.16666666666666666,thesis,,,
general,email,,2015-04-02,13:07,2015-04-02,13:12,0:05,0.08333333333333333,,,,
general,meeting,,2015-04-02,13:14,2015-04-02,13:42,0:28,0.4666666666666667,,,,
general,misc,,2015-04-02,13:47,2015-04-02,13:59,0:12,0.2,,,,
PopBen,misc,,2015-04-02,14:17,2015-04-02,15:10,0:53,0.8833333333333333,thesis,,,
NManip,lab work,,2015-04-02,15:12,2015-04-02,15:24,0:12,0.2,thesis,,,
PopBen,misc,,2015-04-02,15:25,2015-04-02,15:42,0:17,0.2833333333333333,thesis,,,
seminar,evolTWIN,presented popben plans,2015-04-02,15:58,2015-04-02,16:58,1:00,1.0,,,,
personal,lifting,,2015-04-02,17:12,2015-04-02,18:29,1:17,1.2833333333333334,,,,
general,email,,2015-04-02,20:05,2015-04-02,20:12,0:07,0.11666666666666667,,,,
general,misc,,2015-04-02,20:12,2015-04-02,20:27,0:15,0.25,,,,
meta,campustime,,2015-04-03,07:37,2015-04-03,16:01,8:24,8.4,,,,
general,email,,2015-04-03,07:50,2015-04-03,08:10,0:20,0.3333333333333333,,,,
NManip,misc,,2015-04-03,08:10,2015-04-03,08:13,0:03,0.05,thesis,,,
PopBen,misc,,2015-04-03,08:16,2015-04-03,08:50,0:34,0.5666666666666667,thesis,,,
general,email,,2015-04-03,08:51,2015-04-03,08:59,0:08,0.13333333333333333,,,,
general,reading,,2015-04-03,09:10,2015-04-03,09:40,0:30,0.5,,,,
seminar,does0compute,,2015-04-03,10:00,2015-04-03,11:47,1:47,1.7833333333333334,,,,
general,email,,2015-04-03,12:02,2015-04-03,12:03,0:01,0.016666666666666666,,,,
LocFor,misc,,2015-04-03,12:03,2015-04-03,12:19,0:16,0.26666666666666666,,,,
personal,eating,,2015-04-03,12:20,2015-04-03,12:25,0:05,0.08333333333333333,,,,
NManip,lab work,,2015-04-03,13:32,2015-04-03,14:15,0:43,0.7166666666666667,thesis,,,
NManip,lab work,,2015-04-03,14:19,2015-04-03,14:25,0:06,0.1,thesis,,,
PopBen,misc,,2015-04-03,14:38,2015-04-03,14:47,0:09,0.15,thesis,,,
general,meeting,,2015-04-03,14:52,2015-04-03,15:13,0:21,0.35,,,,
PopBen,meeting,,2015-04-03,15:14,2015-04-03,15:17,0:03,0.05,thesis,,,
general,meeting,,2015-04-03,15:17,2015-04-03,15:28,0:11,0.18333333333333332,,,,
PopBen,meeting,,2015-04-03,15:29,2015-04-03,15:35,0:06,0.1,thesis,,,
personal,lifting,,2015-04-05,15:13,2015-04-05,16:38,1:25,1.4166666666666667,,,,
meta,campustime,,2015-04-05,16:54,2015-04-05,20:12,3:18,3.3,,,,
general,email,,2015-04-05,17:43,2015-04-05,18:08,0:25,0.4166666666666667,,,,
NManip,lab work,,2015-04-05,18:37,2015-04-05,19:28,0:51,0.85,thesis,,,
meta,campustime,,2015-04-06,07:45,2015-04-06,14:28,6:43,6.716666666666667,,,,
general,email,,2015-04-06,08:25,2015-04-06,08:28,0:03,0.05,,,,
TA,hw7,,2015-04-06,08:32,2015-04-06,09:47,1:15,1.25,,,,
TA,hw7,,2015-04-06,09:49,2015-04-06,10:54,1:05,1.0833333333333333,,,,
personal,eating,,2015-04-06,11:33,2015-04-06,11:41,0:08,0.13333333333333333,,,,
general,email,,2015-04-06,11:54,2015-04-06,11:58,0:04,0.06666666666666667,,,,
PopBen,meeting,,2015-04-06,11:59,2015-04-06,12:12,0:13,0.21666666666666667,thesis,,,
PopBen,misc,,2015-04-06,12:13,2015-04-06,12:23,0:10,0.16666666666666666,thesis,,,
general,email,,2015-04-06,12:24,2015-04-06,12:38,0:14,0.23333333333333334,,,,
TA,hw7,,2015-04-06,12:47,2015-04-06,13:19,0:32,0.5333333333333333,,,,
TA,misc,,2015-04-06,13:19,2015-04-06,13:50,0:31,0.5166666666666667,,,,
EmBio,misc,,2015-04-06,15:09,2015-04-06,15:24,0:15,0.25,,,,
EmBio,meeting,,2015-04-06,15:30,2015-04-06,18:34,3:04,3.066666666666667,,,,
general,reading,,2015-04-07,07:20,2015-04-07,07:29,0:09,0.15,,,,
meta,campustime,,2015-04-07,07:36,2015-04-07,16:27,8:51,8.85,,,,
NManip,misc,,2015-04-07,07:40,2015-04-07,07:44,0:04,0.06666666666666667,thesis,,,
general,email,,2015-04-07,08:07,2015-04-07,08:13,0:06,0.1,,,,
TA,misc,,2015-04-07,08:51,2015-04-07,09:33,0:42,0.7,,,,
TA,hw8,,2015-04-07,09:40,2015-04-07,09:45,0:05,0.08333333333333333,,,,
TA,misc,,2015-04-07,09:45,2015-04-07,09:55,0:10,0.16666666666666666,,,,
TA,class,,2015-04-07,10:04,2015-04-07,11:35,1:31,1.5166666666666666,,,,
personal,eating,,2015-04-07,11:48,2015-04-07,12:03,0:15,0.25,,,,
TA,misc,,2015-04-07,12:04,2015-04-07,12:44,0:40,0.6666666666666666,,,,
TA,hw8,,2015-04-07,12:55,2015-04-07,13:02,0:07,0.11666666666666667,,,,
TA,class,,2015-04-07,13:02,2015-04-07,13:24,0:22,0.36666666666666664,,,,
TA,hw8,,2015-04-07,14:00,2015-04-07,14:12,0:12,0.2,,,,
personal,sleeping,,2015-04-07,14:16,2015-04-07,14:47,0:31,0.5166666666666667,,,,
seminar,research seminar,,2015-04-07,15:28,2015-04-07,16:23,0:55,0.9166666666666666,,,,
personal,lifting,,2015-04-07,16:32,2015-04-07,17:42,1:10,1.1666666666666667,,,,
general,email,,2015-04-07,20:09,2015-04-07,20:18,0:09,0.15,,,,
TA,hw8,,2015-04-07,20:37,2015-04-07,21:08,0:31,0.5166666666666667,,,,
meta,campustime,,2015-04-08,07:40,2015-04-08,17:12,9:32,9.533333333333333,,,,
NManip,lab work,,2015-04-08,07:46,2015-04-08,07:49,0:03,0.05,thesis,,,
RhizPop,lab work,,2015-04-08,07:49,2015-04-08,08:41,0:52,0.8666666666666667,thesis,,,
general,email,,2015-04-08,08:42,2015-04-08,08:44,0:02,0.03333333333333333,,,,
study,R programming,,2015-04-08,08:44,2015-04-08,08:47,0:03,0.05,,,coursera,
BA-LA MA,misc,,2015-04-08,08:50,2015-04-08,08:57,0:07,0.11666666666666667,,,,
RhizPop,lab work,,2015-04-08,09:20,2015-04-08,09:57,0:37,0.6166666666666667,thesis,,,
RhizPop,lab work,,2015-04-08,10:04,2015-04-08,11:05,1:01,1.0166666666666666,thesis,,,
general,email,,2015-04-08,11:08,2015-04-08,11:11,0:03,0.05,,,,
TA,misc,,2015-04-08,11:11,2015-04-08,11:43,0:32,0.5333333333333333,,,,
personal,eating,,2015-04-08,11:45,2015-04-08,11:55,0:10,0.16666666666666666,,,,
general,meeting,,2015-04-08,12:04,2015-04-08,12:34,0:30,0.5,,,,
ResMutLA,meeting,,2015-04-08,12:34,2015-04-08,12:50,0:16,0.26666666666666666,,,,
ResMutLA,meeting,,2015-04-08,12:50,2015-04-08,12:57,0:07,0.11666666666666667,,,,
outreach,Market Science,,2015-04-08,13:14,2015-04-08,13:19,0:05,0.08333333333333333,,,,
general,email,,2015-04-08,13:19,2015-04-08,13:24,0:05,0.08333333333333333,,,,
BA-LA MA,meeting,,2015-04-08,13:32,2015-04-08,14:07,0:35,0.5833333333333334,,,,
RhizPop,meeting,,2015-04-08,14:07,2015-04-08,14:23,0:16,0.26666666666666666,thesis,,,
RhizPop,misc,,2015-04-08,14:23,2015-04-08,14:28,0:05,0.08333333333333333,thesis,,,
NManip,lab work,,2015-04-08,14:30,2015-04-08,14:58,0:28,0.4666666666666667,thesis,,,
RhizPop,lab work,,2015-04-08,14:59,2015-04-08,15:34,0:35,0.5833333333333334,thesis,,,
general,email,,2015-04-08,15:59,2015-04-08,16:03,0:04,0.06666666666666667,,,,
RhizPop,lab work,,2015-04-08,16:32,2015-04-08,17:09,0:37,0.6166666666666667,thesis,,,
meta,campustime,,2015-04-09,07:37,2015-04-09,13:13,5:36,5.6,,,,
TA,hw8,,2015-04-09,08:17,2015-04-09,08:56,0:39,0.65,,,,
general,email,,2015-04-09,09:02,2015-04-09,09:09,0:07,0.11666666666666667,,,,
TA,misc,,2015-04-09,09:10,2015-04-09,09:46,0:36,0.6,,,,
TA,class,,2015-04-09,10:02,2015-04-09,12:05,2:03,2.05,,,,
personal,eating,,2015-04-09,12:14,2015-04-09,12:26,0:12,0.2,,,,
general,meeting,,2015-04-09,12:36,2015-04-09,12:47,0:11,0.18333333333333332,,,,
personal,lifting,,2015-04-09,13:22,2015-04-09,14:13,0:51,0.85,,,,
meta,campustime,,2015-04-09,14:21,2015-04-09,19:32,5:11,5.183333333333334,,,,
TA,hw8,,2015-04-09,15:21,2015-04-09,15:53,0:32,0.5333333333333333,,,,
seminar,evolTWIN,,2015-04-09,16:01,2015-04-09,16:56,0:55,0.9166666666666666,,,,
general,misc,,2015-04-09,17:03,2015-04-09,19:32,2:29,2.4833333333333334,,,,
general,email,,2015-04-09,20:46,2015-04-09,20:50,0:04,0.06666666666666667,,,,
study,R programming,,2015-04-09,20:50,2015-04-09,21:47,0:57,0.95,,,coursera,
outreach,Market Science,,2015-04-09,21:47,2015-04-09,22:05,0:18,0.3,,,,
meta,campustime,,2015-04-10,07:50,2015-04-10,15:39,7:49,7.816666666666666,,,,
TA,grading,,2015-04-10,08:26,2015-04-10,09:08,0:42,0.7,,,,
TA,grading,,2015-04-10,09:10,2015-04-10,09:54,0:44,0.7333333333333333,,,,
TA,misc,,2015-04-10,09:54,2015-04-10,10:02,0:08,0.13333333333333333,,,,
NManip,misc,,2015-04-10,10:31,2015-04-10,10:37,0:06,0.1,thesis,,,
general,email,,2015-04-10,11:05,2015-04-10,11:07,0:02,0.03333333333333333,,,,
MtHap,misc,,2015-04-10,11:43,2015-04-10,14:15,2:32,2.533333333333333,,,,
MtHap,misc,,2015-04-10,14:35,2015-04-10,15:34,0:59,0.9833333333333333,,,,
meta,campustime,,2015-04-10,16:01,2015-04-10,16:49,0:48,0.8,,,,
general,email,,2015-04-10,16:03,2015-04-10,16:09,0:06,0.1,,,,
general,email,,2015-04-12,13:15,2015-04-12,13:36,0:21,0.35,,,,
TA,grading,,2015-04-12,14:35,2015-04-12,15:17,0:42,0.7,,,,
TA,grading,,2015-04-12,15:31,2015-04-12,16:05,0:34,0.5666666666666667,,,,
personal,lifting,,2015-04-12,16:36,2015-04-12,18:02,1:26,1.4333333333333333,,,,
TA,grading,,2015-04-12,19:50,2015-04-12,20:56,1:06,1.1,,,,
TA,grading,,2015-04-12,21:08,2015-04-12,21:28,0:20,0.3333333333333333,,,,
TA,grading,,2015-04-12,21:47,2015-04-12,22:50,1:03,1.05,,,,
meta,campustime,,2015-04-13,07:48,2015-04-13,16:33,8:45,8.75,,,,
general,email,,2015-04-13,08:36,2015-04-13,08:47,0:11,0.18333333333333332,,,,
LocFor,misc,,2015-04-13,08:49,2015-04-13,09:39,0:50,0.8333333333333334,,,,
LocFor,misc,,2015-04-13,09:43,2015-04-13,09:51,0:08,0.13333333333333333,,,,
TA,misc,,2015-04-13,09:58,2015-04-13,10:56,0:58,0.9666666666666667,,,,
outreach,Market Science,,2015-04-13,11:02,2015-04-13,12:02,1:00,1.0,,,,
personal,eating,,2015-04-13,12:04,2015-04-13,12:13,0:09,0.15,,,,
general,email,,2015-04-13,12:13,2015-04-13,12:18,0:05,0.08333333333333333,,,,
TA,hw8,,2015-04-13,12:31,2015-04-13,12:45,0:14,0.23333333333333334,,,,
NManip,lab work,,2015-04-13,13:20,2015-04-13,13:41,0:21,0.35,thesis,,,
LocFor,misc,,2015-04-13,13:57,2015-04-13,14:36,0:39,0.65,,,,
NManip,lab work,,2015-04-13,14:41,2015-04-13,14:44,0:03,0.05,thesis,,,
general,planning,,2015-04-13,14:45,2015-04-13,14:54,0:09,0.15,,,,
NManip,misc,,2015-04-13,14:54,2015-04-13,15:35,0:41,0.6833333333333333,thesis,,,
NManip,misc,,2015-04-13,15:37,2015-04-13,16:28,0:51,0.85,thesis,,,
general,email,,2015-04-14,06:50,2015-04-14,06:53,0:03,0.05,,,,
NManip,misc,,2015-04-14,07:35,2015-04-14,07:54,0:19,0.31666666666666665,thesis,,,
meta,campustime,,2015-04-14,07:35,2015-04-14,16:45,9:10,9.166666666666666,,,,
general,planning,,2015-04-14,08:38,2015-04-14,08:47,0:09,0.15,,,,
NManip,misc,,2015-04-14,08:48,2015-04-14,08:54,0:06,0.1,thesis,,,
TA,misc,,2015-04-14,08:59,2015-04-14,09:02,0:03,0.05,,,,
LocFor,misc,,2015-04-14,09:02,2015-04-14,09:06,0:04,0.06666666666666667,,,,
LocFor,misc,,2015-04-14,09:06,2015-04-14,09:20,0:14,0.23333333333333334,,,,
TA,misc,,2015-04-14,09:23,2015-04-14,09:47,0:24,0.4,,,,
TA,misc,,2015-04-14,09:51,2015-04-14,09:55,0:04,0.06666666666666667,,,,
TA,class,,2015-04-14,10:02,2015-04-14,11:52,1:50,1.8333333333333333,,,,
personal,eating,,2015-04-14,12:32,2015-04-14,12:45,0:13,0.21666666666666667,,,,
general,email,,2015-04-14,12:50,2015-04-14,12:59,0:09,0.15,,,,
TA,misc,,2015-04-14,13:01,2015-04-14,13:14,0:13,0.21666666666666667,,,,
TA,class,,2015-04-14,13:14,2015-04-14,14:05,0:51,0.85,,,,
RhizPop,lab work,,2015-04-14,14:14,2015-04-14,16:15,2:01,2.0166666666666666,thesis,,,
personal,lifting,,2015-04-14,16:58,2015-04-14,18:11,1:13,1.2166666666666666,,,,
general,email,,2015-04-15,06:42,2015-04-15,06:50,0:08,0.13333333333333333,,,,
NManip,lab work,,2015-04-15,07:33,2015-04-15,08:55,1:22,1.3666666666666667,thesis,,,
meta,campustime,,2015-04-15,07:33,2015-04-15,16:53,9:20,9.333333333333334,,,,
TA,misc,,2015-04-15,09:01,2015-04-15,09:04,0:03,0.05,,,,
ResMutLA,misc,,2015-04-15,09:25,2015-04-15,10:52,1:27,1.45,,,,
general,email,,2015-04-15,11:02,2015-04-15,11:08,0:06,0.1,,,,
personal,eating,,2015-04-15,11:09,2015-04-15,11:16,0:07,0.11666666666666667,,,,
outreach,Market Science,,2015-04-15,12:09,2015-04-15,12:21,0:12,0.2,,,,
ResMutLA,meeting,,2015-04-15,12:21,2015-04-15,12:56,0:35,0.5833333333333334,,,,
ResMutLA,misc,,2015-04-15,12:58,2015-04-15,13:04,0:06,0.1,,,,
general,email,,2015-04-15,13:04,2015-04-15,13:07,0:03,0.05,,,,
RhizPop,lab work,,2015-04-15,13:11,2015-04-15,13:16,0:05,0.08333333333333333,thesis,,,
NManip,lab work,,2015-04-15,13:16,2015-04-15,14:43,1:27,1.45,thesis,,,
RhizPop,lab work,,2015-04-15,14:59,2015-04-15,16:00,1:01,1.0166666666666666,thesis,,,
RhizPop,lab work,,2015-04-15,16:04,2015-04-15,16:50,0:46,0.7666666666666667,thesis,,,
general,email,,2015-04-16,06:38,2015-04-16,06:43,0:05,0.08333333333333333,,,,
meta,campustime,,2015-04-16,07:35,2015-04-16,17:29,9:54,9.9,,,,
NManip,lab work,,2015-04-16,07:36,2015-04-16,08:57,1:21,1.35,thesis,,,
TA,hw8,,2015-04-16,09:17,2015-04-16,09:55,0:38,0.6333333333333333,,,,
TA,class,,2015-04-16,10:03,2015-04-16,11:57,1:54,1.9,,,,
TA,misc,,2015-04-16,12:02,2015-04-16,12:13,0:11,0.18333333333333332,,,,
general,email,,2015-04-16,12:20,2015-04-16,12:26,0:06,0.1,,,,
personal,eating,,2015-04-16,12:27,2015-04-16,12:40,0:13,0.21666666666666667,,,,
PopBen,misc,,2015-04-16,13:15,2015-04-16,14:04,0:49,0.8166666666666667,thesis,,,
general,email,,2015-04-16,14:04,2015-04-16,14:06,0:02,0.03333333333333333,,,,
TA,hw9,,2015-04-16,14:51,2015-04-16,15:04,0:13,0.21666666666666667,,,,
TA,hw8,,2015-04-16,15:04,2015-04-16,15:39,0:35,0.5833333333333334,,,,
ResMutLA,misc,,2015-04-16,15:44,2015-04-16,15:56,0:12,0.2,,,,
seminar,evolTWIN,talked about resmutla,2015-04-16,16:02,2015-04-16,17:23,1:21,1.35,,,,
personal,lifting,,2015-04-16,17:35,2015-04-16,18:45,1:10,1.1666666666666667,,,,
general,email,,2015-04-16,20:10,2015-04-16,20:13,0:03,0.05,,,,
